time,rainfall_mm,rainfall_3day,rainfall_7day,rainfall_15day,rainfall_3day_max,rainfall_7day_max,rainfall_previous_day,target_heavy_rain_next_day,date,humidity_avg,pressure_avg,pressure_min,cloud_avg,wind_avg,wind_max
2018-06-01,0.0,0.0,0.0,0.11174794721106687,0.0,0.0,0.0,0,2018-06-01,73.51333333333334,1003.9851666666666,986.4,68.62333333333333,10.852666666666668,28.8
2018-06-02,0.013789784163236618,0.013789784163254382,0.01378978416322596,0.04612148615221182,0.013789784163236618,0.013789784163236618,0.0,0,2018-06-02,75.19166666666666,1004.5386666666666,987.0,90.455,10.046000000000001,24.3
2018-06-03,11.820065726836523,11.833855510999777,11.833855510999749,11.866187212988734,11.820065726836523,11.820065726836523,0.013789784163236618,0,2018-06-03,75.71333333333334,1003.7283333333334,986.0,64.48666666666666,10.453166666666666,20.8
2018-06-04,0.46325132499138516,12.297106835991162,12.297106835991134,12.329438537980119,11.820065726836523,11.820065726836523,11.820065726836523,0,2018-06-04,77.33666666666667,1002.4281666666667,984.8,76.75,10.974,24.1
2018-06-05,25.440687894821167,37.72400494664909,37.7377947308123,37.770126432801284,25.440687894821167,25.440687894821167,0.46325132499138516,0,2018-06-05,74.92833333333333,1003.1788333333334,984.6,60.766666666666666,9.926,24.6
2018-06-06,0.38810237248738605,26.292041592299952,38.125897103299685,38.15822880528867,25.440687894821167,25.440687894821167,25.440687894821167,0,2018-06-06,78.73333333333333,1004.5923333333334,987.8,90.775,10.494166666666667,21.4
2018-06-07,10.983747007946173,36.81253727525474,49.109644111245856,49.14197581323484,25.440687894821167,25.440687894821167,0.38810237248738605,0,2018-06-07,85.06666666666666,1002.6196666666667,985.6,96.09,10.597,24.9
2018-06-08,10.135949529707432,21.50779891014101,59.24559364095329,59.277925342942275,10.983747007946173,25.440687894821167,10.983747007946173,0,2018-06-08,86.355,999.9353333333332,982.8,94.78666666666666,11.435500000000001,25.5
2018-06-09,47.676048278808594,68.79574481646222,106.90785213559865,106.9216419197619,47.676048278808594,47.676048278808594,10.135949529707432,0,2018-06-09,89.29166666666667,999.6568333333333,982.7,97.22166666666666,14.8965,35.0
2018-06-10,52.22231515248617,110.0343129610022,147.3101015612483,159.14395707224807,52.22231515248617,52.22231515248617,47.676048278808594,0,2018-06-10,85.19,1000.9435,983.8,80.955,19.935166666666667,42.4
2018-06-11,8.209554848571619,108.1079182798664,155.0564050848285,167.35351192081967,52.22231515248617,52.22231515248617,52.22231515248617,0,2018-06-11,83.2,1001.6955,985.1,86.96833333333333,21.809166666666666,39.3
2018-06-12,2.0931592161456742,62.525029217203475,131.70887640615302,169.44667113696536,52.22231515248617,52.22231515248617,8.209554848571619,0,2018-06-12,81.58666666666667,1001.8718333333333,985.5,87.27333333333333,21.187,37.2
2018-06-13,0.2850344901283582,10.587748554845666,131.605808523794,169.7317056270937,8.209554848571619,52.22231515248617,2.0931592161456742,0,2018-06-13,81.17333333333333,1002.4230000000001,986.0,92.35166666666667,21.251666666666665,36.1
2018-06-14,0.6371133364737034,3.01530704274775,121.25917485232154,170.3688189635674,2.0931592161456742,52.22231515248617,0.2850344901283582,0,2018-06-14,82.91333333333333,1003.5366666666666,987.1,92.89833333333333,17.843,30.6
2018-06-15,1.6489206204811733,2.571068447083249,112.77214594309528,172.0177395840486,1.6489206204811733,52.22231515248617,0.6371133364737034,0,2018-06-15,87.91166666666666,1004.493,987.5,96.43833333333333,18.442,33.4
2018-06-16,8.946362290531397,11.232396247486287,74.04245995481807,180.96410187458,8.946362290531397,52.22231515248617,1.6489206204811733,0,2018-06-16,88.275,1005.6691666666667,989.0,72.34,18.608166666666666,32.7
2018-06-17,28.955077012379963,39.55035992339255,50.77522181471187,209.9053891027967,28.955077012379963,28.955077012379963,8.946362290531397,0,2018-06-17,89.90166666666667,1004.8675,988.3,88.83833333333334,17.919166666666666,31.9
2018-06-18,58.05659008026123,95.9580293831726,100.62225704640147,256.1419134562214,58.05659008026123,58.05659008026123,28.955077012379963,0,2018-06-18,89.165,1002.9401666666666,986.5,91.235,14.355,43.2
2018-06-19,1.0203207706411679,88.03198786328238,99.54941860089697,256.6989829018712,58.05659008026123,58.05659008026123,58.05659008026123,0,2018-06-19,85.28166666666667,1002.4963333333334,985.9,69.78,9.769,22.5
2018-06-20,0.4211157839745283,59.49802663487694,99.68549989474315,231.67941079102457,58.05659008026123,58.05659008026123,1.0203207706411679,0,2018-06-20,79.27166666666666,1002.6325,985.6,75.48666666666666,13.0095,28.4
2018-06-21,1.8160275717576344,3.257464126373345,100.86441413002707,233.1073359902948,1.8160275717576344,58.05659008026123,0.4211157839745283,0,2018-06-21,79.30333333333333,1002.8340000000001,985.8,86.07,15.538666666666668,31.4
2018-06-22,21.162865752975147,23.400009108707323,120.37835926252104,243.2864547353238,21.162865752975147,58.05659008026123,1.8160275717576344,1,2018-06-22,84.76333333333334,1002.591,985.8,98.28166666666667,10.177833333333332,27.1
2018-06-23,65.1703667640686,88.1492600888014,176.60236373605827,298.32087196968496,65.1703667640686,65.1703667640686,21.162865752975147,0,2018-06-23,91.14833333333333,1002.4628333333333,986.1,98.14,10.789333333333333,25.9
2018-06-24,43.26524120569229,129.59847372273606,190.91252792937058,293.91006489656866,65.1703667640686,65.1703667640686,65.1703667640686,1,2018-06-24,90.42833333333333,1002.2823333333333,985.9,98.31333333333333,17.241,36.1
2018-06-25,129.9461212158203,238.3817291855812,262.80205906492967,371.63387095990277,129.9461212158203,129.9461212158203,43.26524120569229,1,2018-06-25,90.96166666666667,1000.9848333333334,984.5,99.64833333333333,17.39,37.4
2018-06-26,102.22180557250977,275.43316799402237,364.0035438667983,465.646121683841,129.9461212158203,129.9461212158203,129.9461212158203,0,2018-06-26,87.74166666666666,1000.5133333333333,984.1,95.37833333333333,20.2235,37.5
2018-06-27,27.375074068705242,259.54300085703534,390.957502151529,490.9280365364005,129.9461212158203,129.9461212158203,102.22180557250977,0,2018-06-27,86.30166666666666,999.914,983.7,83.26333333333334,19.213833333333334,39.9
2018-06-28,13.474169790744781,143.07104943195978,402.6156443705161,504.11717183701694,102.22180557250977,129.9461212158203,27.375074068705242,0,2018-06-28,89.52833333333334,1000.7183333333334,984.2,94.125,17.363500000000002,33.1
2018-06-29,46.15818214416504,87.00742600361507,427.61096076170605,549.6382406447083,46.15818214416504,129.9461212158203,13.474169790744781,0,2018-06-29,89.45166666666667,1001.414,984.7,79.795,18.36,33.3
2018-06-30,29.447577436765034,89.07992937167485,391.8881714344024,577.4368974609922,46.15818214416504,129.9461212158203,46.15818214416504,0,2018-06-30,87.83166666666666,1003.3196666666668,986.7,62.35333333333333,18.645666666666667,35.6
2018-07-01,7.850295960903168,83.45605554183324,356.47322618961334,576.340831131364,46.15818214416504,129.9461212158203,29.447577436765034,0,2018-07-01,86.965,1003.5213333333334,987.0,73.98166666666667,19.56866666666667,33.8
2018-07-02,2.2782045652469,39.5760779629151,228.8053095390399,549.6639586842308,29.447577436765034,102.22180557250977,7.850295960903168,0,2018-07-02,91.53166666666667,1003.0409999999999,986.6,95.47,18.9805,32.7
2018-07-03,49.420652548472084,59.549153074622154,176.00415651500222,541.0280211524417,49.420652548472084,49.420652548472084,2.2782045652469,1,2018-07-03,90.92666666666666,1003.4613333333334,987.0,93.4,20.635333333333335,37.7
2018-07-04,83.56909195582072,135.2679490695397,232.19817440211773,623.5767923376212,83.56909195582072,83.56909195582072,49.420652548472084,1,2018-07-04,91.32333333333334,1003.7776666666666,987.1,93.57333333333334,22.971,41.5
2018-07-05,99.92333157857259,232.91307608286536,318.6473361899455,723.0790081322193,99.92333157857259,99.92333157857259,83.56909195582072,0,2018-07-05,89.81333333333333,1004.1208333333333,987.5,94.95333333333333,18.655833333333334,34.7
2018-07-06,21.749765356381733,205.24218889077503,294.2389194021622,743.0127459168434,99.92333157857259,99.92333157857259,99.92333157857259,1,2018-07-06,89.87166666666667,1003.6985,986.6,96.54833333333333,13.731499999999999,27.4
2018-07-07,92.95752811431885,214.63062504927314,357.74887007971597,814.807408278187,99.92333157857259,99.92333157857259,21.749765356381733,1,2018-07-07,92.93,1002.5906666666667,985.8,99.555,10.804,26.8
2018-07-08,130.1275520324707,244.83484550317127,480.0261261512835,879.7645935465891,130.1275520324707,130.1275520324707,92.95752811431885,1,2018-07-08,91.65166666666667,1001.5508333333333,985.0,98.45833333333333,15.0255,32.2
2018-07-09,80.46178245544434,303.5468626022339,558.209704041481,916.9611347963412,130.1275520324707,130.1275520324707,130.1275520324707,1,2018-07-09,91.72666666666667,1001.3381666666667,984.6,99.97333333333333,14.212333333333333,30.9
2018-07-10,118.79154109954834,329.3808755874634,627.5805925925572,905.8065546800692,130.1275520324707,130.1275520324707,80.46178245544434,1,2018-07-10,90.845,1001.6535,985.2,99.27,18.7665,37.8
2018-07-11,100.51252428690593,299.76584784189856,644.5240249236424,904.0972733944654,118.79154109954834,130.1275520324707,118.79154109954834,0,2018-07-11,90.78,1001.5198333333334,985.0,99.89666666666666,20.184,38.7
2018-07-12,24.192417363325756,243.49648274978,568.7931107083956,900.914616689086,118.79154109954834,130.1275520324707,100.51252428690593,0,2018-07-12,91.76166666666667,1001.0115000000001,984.6,99.72166666666666,19.3935,36.8
2018-07-13,20.97868674993515,145.6836284001668,568.022032101949,908.4191336482763,100.51252428690593,130.1275520324707,24.192417363325756,0,2018-07-13,91.80333333333333,1000.6815,984.4,97.53,20.355833333333333,38.4
2018-07-14,53.22351209322611,98.39461620648699,528.2880160808563,915.4844635973375,53.22351209322611,130.1275520324707,20.97868674993515,0,2018-07-14,91.11833333333334,999.5321666666667,982.6,96.51166666666667,19.9145,35.9
2018-07-15,58.06788428624471,132.27008312940595,456.22834833463025,944.104770446817,58.06788428624471,118.79154109954834,53.22351209322611,1,2018-07-15,91.53,998.6205000000001,981.9,99.595,25.3115,47.3
2018-07-16,128.30151224136353,239.59290862083432,504.06807812054944,1064.5559867272775,128.30151224136353,128.30151224136353,58.06788428624471,0,2018-07-16,91.20833333333333,999.6375,982.7,99.87333333333333,24.711166666666667,45.3
2018-07-17,59.47996989885966,245.84936642646787,444.7565069198608,1121.7577520608902,128.30151224136353,128.30151224136353,128.30151224136353,0,2018-07-17,91.325,1000.5405000000001,984.0,99.73666666666666,23.460333333333335,43.3
2018-07-18,38.10422396659851,225.88570610682166,382.34820659955335,1110.4413234790165,128.30151224136353,128.30151224136353,59.47996989885966,0,2018-07-18,88.80166666666666,1001.7895,985.0,97.53833333333333,21.69333333333333,38.9
2018-07-19,24.1924090385437,121.77660290400183,382.34819827477133,1051.0646405617395,59.47996989885966,128.30151224136353,38.10422396659851,0,2018-07-19,89.01166666666667,1001.868,985.2,92.80166666666666,20.7635,38.0
2018-07-20,15.67801801363627,77.97465101877846,377.0475295384725,966.8193269968033,38.10422396659851,128.30151224136353,24.1924090385437,0,2018-07-20,92.08833333333334,1001.7985,985.4,96.08666666666667,20.405666666666665,38.1
2018-07-21,40.332705895105995,80.20313294728594,364.1567233403523,985.4022675355276,40.332705895105995,128.30151224136353,15.67801801363627,0,2018-07-21,88.86666666666666,1002.9708333333333,986.3,95.72,22.569166666666668,43.5
2018-07-22,35.529680927594505,91.54040483633673,341.61851998170215,927.9744203488033,40.332705895105995,128.30151224136353,40.332705895105995,0,2018-07-22,88.085,1002.4971666666668,985.9,97.71833333333333,22.189833333333333,40.8
2018-07-23,11.63586183389028,87.49824865659075,224.95286957422886,809.4827301502229,40.332705895105995,59.47996989885966,35.529680927594505,0,2018-07-23,85.32666666666667,1002.3566666666667,985.9,99.375,23.1945,40.8
2018-07-24,9.709859728813171,56.87540249029793,175.18275940418238,738.7308074235916,35.529680927594505,40.332705895105995,11.63586183389028,0,2018-07-24,86.81666666666666,1003.8726666666666,987.0,98.35333333333334,22.106333333333332,40.0
2018-07-25,7.9556339631477995,29.30135552585122,145.03416940073168,627.894900287191,11.63586183389028,40.332705895105995,9.709859728813171,0,2018-07-25,84.24833333333333,1004.2858333333334,988.1,93.435,22.414166666666667,39.3
2018-07-26,6.948068857192993,24.613562549153933,127.78982921938096,534.3304448574781,9.709859728813171,40.332705895105995,7.9556339631477995,0,2018-07-26,84.46,1004.6411666666665,988.0,99.28833333333333,24.275499999999997,40.5
2018-07-27,4.211419761180878,19.115122581521643,116.32323096692556,514.3494472553333,7.9556339631477995,40.332705895105995,6.948068857192993,0,2018-07-27,84.42333333333333,1003.872,987.5,82.40166666666667,25.954166666666666,41.6
2018-07-28,5.065513839324315,16.225002457698157,81.05603891114389,498.43627434472245,6.948068857192993,35.529680927594505,4.211419761180878,0,2018-07-28,84.65,1004.0418333333333,987.6,72.75166666666667,20.935166666666667,35.5
2018-07-29,0.8590014688670635,10.135935069372227,46.385359452416445,446.0717637203634,5.065513839324315,11.63586183389028,5.065513839324315,0,2018-07-29,84.33,1004.0251666666667,987.6,80.94,20.504333333333335,35.6
2018-07-30,1.0551019509633381,6.979617259154688,35.8045995694895,389.058981385082,5.065513839324315,9.709859728813171,0.8590014688670635,0,2018-07-30,84.02333333333333,1003.636,987.1,72.485,20.028,36.3
2018-07-31,3.118886555234591,5.0329899750649645,29.21362639591092,263.8763556989531,3.118886555234591,7.9556339631477995,1.0551019509633381,0,2018-07-31,85.76666666666667,1003.915,987.5,64.83833333333334,21.074833333333334,35.8
2018-08-01,3.938514344394207,8.112502850592108,25.19650677715733,208.33490014448762,3.938514344394207,6.948068857192993,3.118886555234591,0,2018-08-01,84.94166666666666,1004.6846666666668,988.1,57.278333333333336,20.773166666666665,35.0
2018-08-02,9.406510631243387,16.463911530872156,27.654948551207724,179.63718680913252,9.406510631243387,9.406510631243387,3.938514344394207,0,2018-08-02,84.39666666666666,1006.355,989.1,55.25333333333333,19.723666666666666,36.4
2018-08-03,5.474102824926376,18.81912780056394,28.917631614953223,160.9188805955152,9.406510631243387,9.406510631243387,9.406510631243387,0,2018-08-03,85.585,1007.1594999999999,990.7,92.48,20.225,34.9
2018-08-04,18.415081183115642,33.29569463928538,42.267198958744544,163.65594376499453,18.415081183115642,18.415081183115642,5.474102824926376,0,2018-08-04,88.33833333333334,1006.8119999999999,990.3,87.76833333333333,19.949666666666666,36.7
2018-08-05,18.414117097854614,42.30330110589661,59.822314587732095,141.73735496774316,18.415081183115642,18.415081183115642,18.415081183115642,0,2018-08-05,83.255,1006.1134999999999,989.1,80.0,22.03483333333333,42.2
2018-08-06,3.794778327147166,40.623976608117395,62.56199096391593,110.00245236729582,18.415081183115642,18.415081183115642,18.414117097854614,0,2018-08-06,82.505,1004.4781666666667,987.4,86.75833333333334,25.872166666666665,42.3
2018-08-07,4.423793530712525,26.63268895571428,63.86689793939386,102.79038406411807,18.414117097854614,18.415081183115642,3.794778327147166,0,2018-08-07,83.09833333333333,1002.3991666666667,985.7,89.14166666666667,23.3405,40.4
2018-08-08,3.552768662571907,11.771340520431574,63.48115225757156,96.63329299787681,4.423793530712525,18.415081183115642,4.423793530712525,0,2018-08-08,85.90666666666667,1002.3853333333333,985.5,99.49166666666666,21.707,38.0
2018-08-09,9.018134638667107,16.994696831951515,63.09277626499528,97.69579367339611,9.018134638667107,18.415081183115642,3.552768662571907,0,2018-08-09,88.99,1005.6558333333334,987.7,84.62666666666667,18.21483333333333,36.7
2018-08-10,8.229381094376246,20.800284395615236,65.84805453444515,98.97710591057937,9.018134638667107,18.415081183115642,9.018134638667107,0,2018-08-10,87.85166666666667,1006.6930000000001,990.0,78.34166666666667,19.024833333333333,35.4
2018-08-11,9.997723380724588,27.245239113767916,57.430696732054095,104.76340953012307,9.997723380724588,18.414117097854614,8.229381094376246,0,2018-08-11,87.715,1005.0235,987.9,90.98166666666667,22.427666666666667,40.4
2018-08-12,22.082306742668152,40.30941121776896,61.09888637686764,121.78020243346691,22.082306742668152,22.082306742668152,9.997723380724588,0,2018-08-12,86.47833333333334,1001.8251666666666,984.5,90.48833333333333,26.246833333333335,45.8
2018-08-13,25.683709899584453,57.763740022977174,82.98781794930493,146.60491086418432,25.683709899584453,25.683709899584453,22.082306742668152,0,2018-08-13,85.52666666666667,1002.0331666666667,984.6,93.93333333333334,25.479166666666668,45.1
2018-08-14,17.973865667978924,65.73988231023151,96.53789008657131,163.52367458119988,25.683709899584453,25.683709899584453,25.683709899584453,0,2018-08-14,86.1,1002.4916666666667,985.5,70.56833333333333,21.284666666666666,41.2
2018-08-15,7.153739472230275,50.81131503979363,100.13886089622969,167.5585274981956,25.683709899584453,25.683709899584453,17.973865667978924,0,2018-08-15,85.66666666666667,1002.1896666666668,985.5,95.04833333333333,20.342000000000002,39.2
2018-08-16,17.897984007994335,43.02558914820351,109.0187102655569,181.5179971617957,17.973865667978924,25.683709899584453,7.153739472230275,0,2018-08-16,88.27333333333333,1001.4483333333334,984.4,100.0,23.971,45.7
2018-08-17,28.243528445561726,53.29525192578631,129.0328576167424,200.35501497611406,28.243528445561726,28.243528445561726,17.897984007994335,0,2018-08-17,88.65166666666667,1001.1033333333334,984.8,98.61666666666666,23.371166666666667,45.0
2018-08-18,11.569637854894003,57.71115030845004,130.6047720909118,206.45055000608164,28.243528445561726,28.243528445561726,28.243528445561726,0,2018-08-18,89.85833333333333,1002.7919999999999,985.6,92.35833333333333,20.691,37.5
2018-08-19,19.524660269419353,59.337826569875055,128.04712561766303,207.56012909238538,28.243528445561726,28.243528445561726,11.569637854894003,0,2018-08-19,88.315,1003.3948333333334,986.3,82.6,19.436,36.7
2018-08-20,26.6423925558726,57.73669068018593,129.00580827395115,215.78840455040336,26.6423925558726,28.243528445561726,19.524660269419353,0,2018-08-20,90.93833333333333,1003.9159999999999,987.2,99.00666666666666,18.585,35.5
2018-08-21,39.618251959482826,85.78530478477475,150.65019456545508,251.61187818273902,39.618251959482826,39.618251959482826,26.6423925558726,0,2018-08-21,92.92333333333333,1004.1378333333332,987.1,99.995,17.775666666666666,33.7
2018-08-22,57.04588143030802,123.30652594566342,200.5423365235328,304.2339660823345,57.04588143030802,57.04588143030802,39.618251959482826,0,2018-08-22,92.22166666666666,1005.2756666666667,988.5,92.52166666666666,18.620833333333334,36.3
2018-08-23,26.735971212387085,123.40010460217792,209.38032372792557,327.4171686321497,57.04588143030802,57.04588143030802,57.04588143030802,0,2018-08-23,87.16,1006.1946666666668,989.4,76.78333333333333,18.683166666666665,31.4
2018-08-24,14.70474628607432,98.4865989287694,195.84154156843815,333.10378027955693,57.04588143030802,57.04588143030802,26.735971212387085,0,2018-08-24,87.775,1005.6253333333333,988.7,90.71833333333333,18.332,31.9
2018-08-25,14.971499224503836,56.41221672296521,199.24340293804798,339.84589840968454,26.735971212387085,57.04588143030802,14.70474628607432,0,2018-08-25,89.38666666666667,1005.11,988.4,86.87,19.577333333333332,33.7
2018-08-26,23.624819040298462,53.30106455087659,203.3435617089271,353.4729940692584,23.624819040298462,57.04588143030802,14.971499224503836,0,2018-08-26,89.36,1003.6551666666667,986.7,83.395,20.628,34.9
2018-08-27,15.115847706794739,53.71216597159701,191.81701685984925,346.506535033385,23.624819040298462,57.04588143030802,23.624819040298462,0,2018-08-27,91.17833333333333,1004.1326666666666,987.5,93.15,13.8065,28.1
2018-08-28,10.842902282873789,49.58356902996696,163.0416671832402,331.6657274166743,23.624819040298462,57.04588143030802,15.115847706794739,0,2018-08-28,91.01166666666667,1004.6018333333333,987.5,98.28833333333333,11.283666666666667,22.2
2018-08-29,8.815880914529165,34.774630904197664,114.81166666746134,322.5077426632245,15.115847706794739,26.735971212387085,10.842902282873789,0,2018-08-29,89.515,1005.94,989.1,76.24666666666667,12.847166666666666,27.6
2018-08-30,1.6966461737950642,21.35542937119799,89.77234162886931,317.0506493647893,10.842902282873789,23.624819040298462,8.815880914529165,0,2018-08-30,89.095,1005.8228333333333,988.6,80.07166666666667,13.328999999999999,26.2
2018-08-31,4.984529962142308,15.497057050466509,80.0521253049373,304.1371953189373,8.815880914529165,23.624819040298462,1.6966461737950642,0,2018-08-31,87.36,1006.445,989.6,90.99,13.417,25.4
2018-09-01,4.867691834767659,11.548867970705004,69.94831791520112,280.76135870814323,4.984529962142308,23.624819040298462,4.984529962142308,0,2018-09-01,89.01666666666667,1006.9858333333333,990.2,87.17833333333333,14.260333333333335,28.7
2018-09-02,14.284583767255148,24.136805564165087,60.60808264215781,283.4763046205044,14.284583767255148,15.115847706794739,4.867691834767659,0,2018-09-02,85.68666666666667,1006.9480000000001,989.8,78.15833333333333,18.584333333333333,34.2
2018-09-03,22.543116370836895,41.69539197285967,68.03535130619997,286.4947607219219,22.543116370836895,22.543116370836895,14.284583767255148,0,2018-09-03,85.85833333333333,1007.1208333333333,989.8,58.63666666666666,15.376000000000001,28.2
2018-09-04,7.2683500945568085,44.09605023264882,64.460799117883,267.1207182606061,22.543116370836895,22.543116370836895,22.543116370836895,0,2018-09-04,85.60333333333334,1007.9923333333334,991.0,64.22,15.383166666666666,30.3
2018-09-05,2.5156868820389113,32.327153347432585,58.16060508539274,230.0181531831622,22.543116370836895,22.543116370836895,7.2683500945568085,0,2018-09-05,83.51833333333333,1007.2948333333334,990.2,50.108333333333334,14.543333333333333,27.8
2018-09-06,0.4756399219234784,10.259676898519166,56.939598833521146,173.44791167477766,7.2683500945568085,22.543116370836895,2.5156868820389113,0,2018-09-06,83.41333333333333,1006.5075,989.8,87.05833333333334,12.703666666666667,26.5
2018-09-07,0.5055886035164198,3.4969154074787774,52.460657474895264,147.217529065907,2.5156868820389113,22.543116370836895,0.4756399219234784,0,2018-09-07,85.15333333333334,1006.5506666666668,989.9,89.065,11.628833333333334,26.9
2018-09-08,4.502901534239451,5.484130059679318,52.09586717436705,137.01568431407213,4.502901534239451,22.543116370836895,0.5055886035164198,0,2018-09-08,85.42,1006.7384999999999,990.3,43.973333333333336,10.830833333333333,23.3
2018-09-09,2.7859399132430553,7.794430050998894,40.597223320354956,124.83012500281134,4.502901534239451,22.543116370836895,4.502901534239451,0,2018-09-09,82.92166666666667,1008.0463333333335,990.7,25.378333333333334,10.836166666666667,20.8
2018-09-10,1.6012444347143173,8.890085882196791,19.655351384232386,102.8065503972272,4.502901534239451,7.2683500945568085,2.7859399132430553,0,2018-09-10,83.90166666666667,1010.3338333333334,993.0,65.26833333333333,7.540500000000001,18.9
2018-09-11,0.0,4.38718434795734,12.387001289675577,87.69070269043246,2.7859399132430553,4.502901534239451,1.6012444347143173,0,2018-09-11,84.55166666666666,1010.6326666666666,993.8,44.97833333333333,7.788666666666666,21.6
2018-09-12,0.16400927801926932,1.7652537127335537,10.035323685655934,77.01180968557796,1.6012444347143173,4.502901534239451,0.0,0,2018-09-12,84.24166666666666,1008.8128333333333,991.4,51.93666666666667,7.533333333333333,19.4
2018-09-13,0.36341623465220135,0.5274255126714378,9.923099998384657,68.55934500570098,0.36341623465220135,4.502901534239451,0.16400927801926932,0,2018-09-13,86.03166666666667,1007.7528333333332,991.0,45.92666666666667,7.583166666666666,16.3
2018-09-14,2.3754881595571837,2.9029136722286215,11.792999554425421,69.23818699146311,2.3754881595571837,4.502901534239451,0.36341623465220135,0,2018-09-14,88.19333333333333,1008.6283333333333,991.2,71.74833333333333,6.515666666666667,18.1
2018-09-15,0.9133694420258204,3.6522738362351723,8.20346746221179,65.16702647134662,2.3754881595571837,2.7859399132430553,2.3754881595571837,0,2018-09-15,87.72,1008.8361666666666,992.1,57.42,6.521833333333333,16.6
2018-09-16,7.737715010841687,11.026572612424658,13.155242559810421,68.03704964742064,7.737715010841687,7.737715010841687,0.9133694420258204,0,2018-09-16,85.595,1007.4618333333333,990.1,34.395,8.431333333333333,23.0
2018-09-17,2.4679903462529182,11.119074799120392,14.021988471349022,56.22045622641842,7.737715010841687,7.737715010841687,7.737715010841687,0,2018-09-17,84.185,1007.0658333333333,989.8,28.778333333333332,8.1835,22.2
2018-09-18,0.7164556110898653,10.922160968184437,14.738444082438889,34.393795466671385,7.737715010841687,7.737715010841687,2.4679903462529182,0,2018-09-18,83.16666666666667,1007.4509999999999,989.8,35.86666666666667,6.405333333333333,18.4
2018-09-19,3.184812992811203,6.369258950153954,17.75924779723082,30.310258364925783,3.184812992811203,7.737715010841687,0.7164556110898653,0,2018-09-19,84.60166666666667,1006.9625,989.7,70.30666666666667,6.333166666666667,17.9
2018-09-20,0.08918435374895732,3.9904529576499925,17.48501591632758,27.883755836635828,3.184812992811203,7.737715010841687,3.184812992811203,0,2018-09-20,85.465,1004.9048333333334,987.9,77.86166666666666,8.596166666666667,29.1
2018-09-21,6.672492826978366,9.946490173538493,21.78202058374876,34.08060874169071,6.672492826978366,7.737715010841687,0.08918435374895732,0,2018-09-21,87.20333333333333,1004.155,986.7,92.95,9.257833333333332,26.6
2018-09-22,0.759216004361709,7.520893185088999,21.627867146084647,34.334236142536,6.672492826978366,7.737715010841687,6.672492826978366,0,2018-09-22,83.78166666666667,1006.398,989.0,96.85833333333333,14.9765,26.9
2018-09-23,4.274963016311328,11.70667184765137,18.16511515155429,34.106297624607876,6.672492826978366,6.672492826978366,0.759216004361709,0,2018-09-23,85.83,1009.5011666666666,992.7,50.038333333333334,10.612166666666667,23.2
2018-09-24,0.009251190349459648,5.043430211022463,15.70637599565083,31.329608901714284,4.274963016311328,6.672492826978366,4.274963016311328,0,2018-09-24,86.64333333333333,1009.705,992.8,57.14666666666667,7.030333333333333,16.6
2018-09-25,0.009960456440846125,4.294174663101601,14.999880841001811,29.738324923440814,4.274963016311328,6.672492826978366,0.009251190349459648,0,2018-09-25,83.92666666666666,1008.8271666666667,991.5,23.903333333333332,8.436666666666667,21.4
2018-09-26,0.0,0.01921164679027291,11.815067848190608,29.738324923440814,0.009960456440846125,6.672492826978366,0.009960456440846125,0,2018-09-26,85.555,1007.2875,989.6,60.598333333333336,8.081833333333334,25.3
2018-09-27,0.0,0.009960456440813262,11.725883494441652,29.574315645421546,0.009960456440846125,6.672492826978366,0.0,0,2018-09-27,86.10666666666667,1006.8269999999999,989.4,68.89166666666667,6.011,18.9
2018-09-28,9.47733715424935,9.477337154249316,14.530727821712635,38.68823656501869,9.47733715424935,9.47733715424935,0.0,0,2018-09-28,86.38833333333334,1007.5396666666668,990.3,83.04166666666667,5.882333333333333,16.9
2018-09-29,19.221889222661655,28.699226376910975,32.993401040012586,55.534637628123164,19.221889222661655,19.221889222661655,9.47733715424935,0,2018-09-29,82.2,1007.7888333333334,990.4,51.75333333333333,6.601,19.5
2018-09-30,0.3534448991219203,29.052671276032896,29.071882922823182,54.974713085219264,19.221889222661655,19.221889222661655,19.221889222661655,0,2018-09-30,75.29,1007.3423333333334,990.6,65.65,6.248333333333333,21.6
2019-06-01,0.0,0.0,0.0,0.0,0.0,0.0,0.0,0,2019-06-01,68.92,1005.27,988.4,69.97833333333334,12.104166666666666,22.0
2019-06-02,0.0,0.0,0.0,0.0,0.0,0.0,0.0,0,2019-06-02,69.935,1004.9026666666666,988.1,52.08,12.027166666666666,21.4
2019-06-03,0.0,0.0,0.0,0.0,0.0,0.0,0.0,0,2019-06-03,69.955,1005.2646666666667,988.5,40.795,14.200166666666668,23.3
2019-06-04,0.0,0.0,0.0,0.0,0.0,0.0,0.0,0,2019-06-04,69.82666666666667,1004.956,988.2,45.525,12.060666666666666,19.6
2019-06-05,0.0,0.0,0.0,0.0,0.0,0.0,0.0,0,2019-06-05,70.60833333333333,1004.0509999999999,986.8,46.06,12.240166666666667,28.7
2019-06-06,0.0,0.0,0.0,0.0,0.0,0.0,0.0,0,2019-06-06,71.04333333333334,1004.2846666666668,987.1,56.42666666666667,10.933833333333334,23.0
2019-06-07,0.0,0.0,0.0,0.0,0.0,0.0,0.0,0,2019-06-07,72.15666666666667,1004.5811666666666,986.9,69.50166666666667,11.639333333333333,25.5
2019-06-08,0.0,0.0,0.0,0.0,0.0,0.0,0.0,0,2019-06-08,74.245,1003.499,985.6,47.83833333333333,10.751833333333334,26.0
2019-06-09,0.0,0.0,0.0,0.0,0.0,0.0,0.0,0,2019-06-09,73.56666666666666,1002.6665,985.8,67.38333333333334,10.886666666666667,22.5
2019-06-10,0.9996530003845692,0.9996530003845372,0.9996530003845159,0.9996530003845692,0.9996530003845692,0.9996530003845692,0.0,0,2019-06-10,76.57166666666667,1001.3901666666666,984.3,77.78,11.5845,27.3
2019-06-11,19.788576749463875,20.788229749848412,20.78822974984839,20.788229749848444,19.788576749463875,19.788576749463875,0.9996530003845692,0,2019-06-11,74.16166666666666,998.6113333333334,981.8,82.95833333333333,9.098333333333333,39.4
2019-06-12,2.198959449927012,22.987189199775425,22.987189199775404,22.987189199775457,19.788576749463875,19.788576749463875,19.788576749463875,0,2019-06-12,81.99333333333334,999.0056666666667,982.1,89.265,27.271833333333333,63.9
2019-06-13,12.662074347337088,34.64961054672794,35.64926354711249,35.64926354711254,19.788576749463875,19.788576749463875,2.198959449927012,0,2019-06-13,88.65666666666667,1001.1725,983.4,88.615,24.997333333333334,55.6
2019-06-14,10.419948637485504,25.28098243474957,46.069212184597994,46.069212184598044,12.662074347337088,19.788576749463875,12.662074347337088,0,2019-06-14,87.22666666666667,1002.05,985.4,77.73833333333333,23.191,43.8
2019-06-15,21.90064835548401,44.98267134030657,67.96986054008201,67.96986054008205,21.90064835548401,21.90064835548401,10.419948637485504,0,2019-06-15,88.07833333333333,1003.5063333333334,986.6,81.66,23.04083333333333,44.0
2019-06-16,7.660691524545352,39.981288517514834,75.63055206462735,75.63055206462741,21.90064835548401,21.90064835548401,21.90064835548401,0,2019-06-16,86.98166666666667,1004.7444999999999,987.8,48.15833333333333,22.010833333333334,40.5
2019-06-17,4.907546033461888,34.46888591349122,79.53844509770468,80.53809809808929,21.90064835548401,21.90064835548401,7.660691524545352,0,2019-06-17,87.445,1005.034,988.6,60.76166666666666,21.395166666666668,39.4
2019-06-18,3.9765767008066177,16.544814258813826,63.72644504904742,84.51467479889591,7.660691524545352,21.90064835548401,4.907546033461888,0,2019-06-18,89.23833333333333,1002.8068333333333,986.3,68.02666666666667,22.453833333333332,36.8
2019-06-19,16.242267760137718,25.12639049440619,77.76975335925812,100.75694255903363,16.242267760137718,21.90064835548401,3.9765767008066177,0,2019-06-19,87.36666666666666,1002.7453333333333,986.2,79.01333333333334,13.069666666666667,25.5
2019-06-20,3.5037523955106735,23.722596856454977,68.61143140743171,104.2606949545443,16.242267760137718,21.90064835548401,16.242267760137718,0,2019-06-20,83.985,1003.4473333333334,986.8,43.74,10.496666666666666,19.9
2019-06-21,0.2661287933588028,20.012148949007162,58.45761156330501,104.52682374790311,16.242267760137718,21.90064835548401,3.5037523955106735,0,2019-06-21,85.84666666666666,1003.2106666666667,985.9,48.66833333333334,8.943666666666667,19.1
2019-06-22,0.05835754175980886,3.8282387306292534,36.61532074958081,104.58518128966291,3.5037523955106735,16.242267760137718,0.2661287933588028,0,2019-06-22,81.60666666666667,1002.3583333333333,985.0,69.545,9.647,21.6
2019-06-23,1.0581943454841773,1.382680680602757,30.012823570519632,105.6433756351471,1.0581943454841773,16.242267760137718,0.05835754175980886,0,2019-06-23,83.67166666666667,1001.6973333333334,984.6,85.01,7.6610000000000005,18.5
2019-06-24,2.37965422992905,3.496206117173004,27.484931766986794,108.02302986507614,2.37965422992905,16.242267760137718,1.0581943454841773,0,2019-06-24,86.56166666666667,1003.0780000000001,986.4,81.03166666666667,9.2805,20.6
2019-06-25,11.479835331439972,14.917683906853167,34.98819039762015,118.50321219613154,11.479835331439972,16.242267760137718,2.37965422992905,0,2019-06-25,85.21,1003.7119999999999,986.9,64.33833333333334,9.675833333333333,18.7
2019-06-26,3.7862513959407806,17.64574095730977,22.53217403342321,102.50088684260845,11.479835331439972,11.479835331439972,11.479835331439972,0,2019-06-26,87.50333333333333,1003.3248333333333,986.8,69.92333333333333,11.754,24.8
2019-06-27,9.223088830709457,24.489175558090178,28.251510468621994,109.52501622339089,11.479835331439972,11.479835331439972,3.7862513959407806,0,2019-06-27,89.685,1002.4088333333334,985.8,88.66833333333334,13.602833333333333,32.0
2019-06-28,48.91752207279205,61.92686229944226,76.90290374805525,145.78046394884586,48.91752207279205,48.91752207279205,9.223088830709457,1,2019-06-28,90.88166666666666,1001.85,985.1,99.515,18.661666666666665,40.2
2019-06-29,216.13198725382486,274.27259815732634,292.9765334601203,351.4925025651852,216.13198725382486,216.13198725382486,48.91752207279205,1,2019-06-29,91.53,1002.3868333333332,985.8,99.88333333333334,15.474333333333334,37.9
2019-06-30,113.89511235555013,378.944621682167,405.81345147018624,443.48696656525135,216.13198725382486,216.13198725382486,216.13198725382486,1,2019-06-30,91.87,1002.6886666666666,986.1,99.835,12.172666666666668,28.6
2019-07-01,130.0448261896769,460.0719257990519,533.478623429934,565.8711012303829,216.13198725382486,216.13198725382486,113.89511235555013,1,2019-07-01,92.915,1001.5409999999999,984.9,99.87833333333333,11.322833333333334,27.7
2019-07-02,181.57704798380533,425.51698652903235,703.5758360822995,742.5406031807263,181.57704798380533,216.13198725382486,130.0448261896769,0,2019-07-02,91.15166666666667,1002.0828333333333,985.6,98.15166666666667,10.539833333333332,24.5
2019-07-03,26.369154691696167,337.9910288651784,726.1587393780549,764.9331811716158,181.57704798380533,216.13198725382486,181.57704798380533,0,2019-07-03,92.345,1002.3425,986.1,99.825,13.9925,29.3
2019-07-04,10.723728835582733,218.6699315110842,727.6593793829281,759.4146422470609,181.57704798380533,216.13198725382486,26.369154691696167,0,2019-07-04,91.69833333333334,1001.7219999999999,985.4,96.95833333333333,16.722166666666666,31.2
2019-07-05,28.3382248878479,65.43110841512677,707.080082197984,784.2491147393981,28.3382248878479,216.13198725382486,10.723728835582733,1,2019-07-05,91.395,1000.42,983.8,99.32666666666667,19.464166666666667,38.0
2019-07-06,86.06661160786946,125.12856533130007,577.0147065520285,870.0495975539087,86.06661160786946,181.57704798380533,28.3382248878479,1,2019-07-06,91.33333333333333,1000.3625,983.6,99.63333333333334,21.593666666666667,38.0
2019-07-07,104.40876897176106,218.8136054674784,567.5283631682395,974.40000898391,104.40876897176106,181.57704798380533,86.06661160786946,0,2019-07-07,91.36,1001.5178333333332,984.0,99.10333333333334,20.617833333333333,38.0
2019-07-08,38.885282119115196,229.3606626987457,476.3688190976778,1012.2270967575411,104.40876897176106,181.57704798380533,104.40876897176106,1,2019-07-08,90.93666666666667,1002.3494999999999,986.0,97.255,19.927999999999997,37.1
2019-07-09,83.62791856129964,226.92196965217585,378.4196896751721,1093.4753610889115,104.40876897176106,104.40876897176106,38.885282119115196,0,2019-07-09,90.48833333333333,1001.8368333333333,985.3,88.07,21.627000000000002,36.7
2019-07-10,27.481670300165813,149.9948709805806,379.5322052836417,1109.4771960576375,83.62791856129964,104.40876897176106,83.62791856129964,1,2019-07-10,90.66,1002.3716666666667,985.0,95.22166666666666,18.856833333333334,39.5
2019-07-11,110.43752257029216,221.54711143175757,479.24599901835114,1216.128467231989,110.43752257029216,110.43752257029216,27.481670300165813,0,2019-07-11,90.82666666666667,1004.5838333333334,987.5,99.10833333333333,19.9235,37.9
2019-07-12,29.251182238260906,167.17037510871884,480.1589563687642,1236.1565606395402,110.43752257029216,110.43752257029216,110.43752257029216,0,2019-07-12,91.005,1005.7051666666666,989.0,98.35333333333334,18.515833333333333,32.3
2019-07-13,9.625330050786337,149.3140348593394,403.71767481168104,1196.8643686175346,110.43752257029216,110.43752257029216,29.251182238260906,0,2019-07-13,91.54833333333333,1006.2998333333334,989.7,89.64833333333333,15.771833333333333,27.8
2019-07-14,32.058972915013634,70.93548520406085,331.3678787549336,1012.7913542787234,32.058972915013634,110.43752257029216,9.625330050786337,0,2019-07-14,89.93,1005.3253333333332,988.7,77.54,15.336333333333332,29.1
2019-07-15,13.662128647168478,55.346431612968416,306.14472528298694,912.5583705703417,32.058972915013634,110.43752257029216,32.058972915013634,0,2019-07-15,88.175,1004.3615000000001,988.1,62.89833333333333,16.4965,28.5
2019-07-16,4.432457968592644,50.15355953077473,226.9492646902799,786.9460023492575,32.058972915013634,110.43752257029216,13.662128647168478,0,2019-07-16,90.29333333333334,1005.3915000000001,988.3,67.10333333333334,13.498333333333333,24.9
2019-07-17,14.914276659488678,33.00886327524977,214.38187104960278,620.2832310249407,14.914276659488678,110.43752257029216,4.432457968592644,0,2019-07-17,89.40333333333334,1004.8441666666666,988.5,65.87666666666667,11.776333333333334,24.4
2019-07-18,9.846015820900599,29.19275044898189,113.79036430021122,603.7600921541452,14.914276659488678,32.058972915013634,14.914276659488678,0,2019-07-18,88.75166666666667,1003.0003333333333,985.8,63.255,10.004833333333332,20.9
2019-07-19,9.068648000558218,33.828940480947466,93.60783006250853,602.1050113191206,14.914276659488678,32.058972915013634,9.846015820900599,0,2019-07-19,87.325,1001.508,983.7,87.92333333333333,7.041666666666667,17.7
2019-07-20,4.353199874361356,23.267863695820143,88.33569988608355,578.1199863056341,9.846015820900599,32.058972915013634,9.068648000558218,0,2019-07-20,89.00666666666666,1000.5388333333334,984.0,97.92166666666667,5.270833333333333,16.3
2019-07-21,19.208531657854717,32.63037953277426,75.48525862892464,511.26190635561943,19.208531657854717,19.208531657854717,4.353199874361356,0,2019-07-21,88.925,999.4076666666666,982.1,80.33333333333333,6.6375,16.1
2019-07-22,17.6284738779068,41.19020541012284,79.45160385966295,424.4816112617652,19.208531657854717,19.208531657854717,19.208531657854717,0,2019-07-22,86.79666666666667,998.9343333333333,981.8,61.98833333333334,10.869166666666667,23.7
2019-07-23,5.126621066903074,41.96362660266457,80.14576695797338,390.72295020955306,19.208531657854717,19.208531657854717,17.6284738779068,0,2019-07-23,88.57333333333334,999.7526666666666,982.9,85.55333333333333,18.615499999999997,40.3
2019-07-24,31.34179883201917,54.09689377682901,96.57328913050387,338.4368304802726,31.34179883201917,31.34179883201917,5.126621066903074,1,2019-07-24,91.27166666666666,1002.7080000000001,985.1,99.74333333333334,18.250333333333334,36.9
2019-07-25,122.7895876566569,159.25800755557913,209.5168609662602,433.7447478367637,122.7895876566569,122.7895876566569,31.34179883201917,1,2019-07-25,91.47833333333334,1004.6581666666667,988.2,99.90666666666667,15.535,29.5
2019-07-26,64.50411287943523,218.63549936811125,264.9523258451372,387.81133814590675,122.7895876566569,122.7895876566569,122.7895876566569,1,2019-07-26,90.80333333333333,1003.6993333333332,986.8,99.685,19.130499999999998,39.5
2019-07-27,221.57113965352377,408.86484018961585,482.17026562429965,580.1312955611695,221.57113965352377,221.57113965352377,64.50411287943523,1,2019-07-27,90.435,1003.6791666666667,986.8,98.835,20.510166666666667,41.5
2019-07-28,129.1432237625122,415.2184762954712,592.1049577289571,699.6491892728955,221.57113965352377,221.57113965352377,221.57113965352377,0,2019-07-28,89.51166666666667,1003.4208333333333,987.0,99.82833333333333,18.592333333333332,34.9
2019-07-29,27.559009234110516,378.2733726501464,602.0354930851609,695.1492255919924,221.57113965352377,221.57113965352377,129.1432237625122,1,2019-07-29,91.28333333333333,1002.905,986.5,99.86833333333334,20.936666666666667,44.1
2019-07-30,95.3120568593343,252.014289855957,692.2209288775921,776.7991538041581,129.1432237625122,221.57113965352377,27.559009234110516,1,2019-07-30,90.34833333333333,1003.9971666666668,986.7,99.57666666666667,23.400833333333335,45.6
2019-07-31,102.40421040852864,225.27527650197345,763.2833404541016,874.7709062440941,102.40421040852864,221.57113965352377,95.3120568593343,0,2019-07-31,89.94666666666667,1004.8253333333332,988.3,99.69833333333334,20.87516666666667,42.9
2019-08-01,38.582303603490196,236.29857087135312,679.0760564009348,898.4389331880957,102.40421040852864,221.57113965352377,102.40421040852864,0,2019-08-01,88.74,1004.0008333333334,987.3,97.20833333333333,22.880166666666668,40.8
2019-08-02,51.25157356262207,192.23808757464087,665.8235170841217,939.8444909298172,102.40421040852864,221.57113965352377,38.582303603490196,1,2019-08-02,90.005,1002.7396666666667,986.3,91.65333333333334,25.581333333333333,45.7
2019-08-03,137.76895459493002,227.60283176104224,582.021332025528,1068.5447975241889,137.76895459493002,137.76895459493002,51.25157356262207,1,2019-08-03,92.06,1001.8716666666667,985.4,99.92333333333333,26.368,52.4
2019-08-04,263.1256154378255,452.14614359537757,716.0037237008412,1327.3172130876533,263.1256154378255,263.1256154378255,137.76895459493002,1,2019-08-04,90.96833333333333,1001.5685,985.1,99.96666666666667,23.8065,51.4
2019-08-05,111.87131818135579,512.7658882141113,800.3160326480865,1419.9799996111542,263.1256154378255,263.1256154378255,263.1256154378255,0,2019-08-05,92.27333333333333,1001.4119999999999,985.0,99.73333333333333,22.629333333333335,41.2
2019-08-06,35.03574323654175,410.03267685572297,740.039719025294,1437.3872689697891,263.1256154378255,263.1256154378255,111.87131818135579,0,2019-08-06,90.94,1001.1671666666667,984.8,99.735,23.3995,44.3
2019-08-07,44.78968954086304,191.69675095876056,682.4251981576283,1477.0503374437492,111.87131818135579,263.1256154378255,35.03574323654175,0,2019-08-07,88.685,999.8773333333334,983.2,98.98166666666667,25.709666666666667,48.2
2019-08-08,22.847358862559002,102.67279163996379,666.6902534166971,1468.5558974742887,44.78968954086304,263.1256154378255,44.78968954086304,0,2019-08-08,88.98333333333333,998.6448333333334,982.2,99.99666666666667,27.99383333333333,50.5
2019-08-09,15.636035680770874,83.27308408419292,631.074715534846,1361.4023454984028,44.78968954086304,263.1256154378255,22.847358862559002,0,2019-08-09,87.28333333333333,999.1671666666667,982.6,99.895,31.000166666666665,54.3
2019-08-10,22.50697620709737,60.990370750427246,515.8127371470133,1319.405208826065,22.847358862559002,263.1256154378255,15.636035680770874,0,2019-08-10,86.36166666666666,1001.0916666666667,983.5,81.29166666666667,29.412833333333335,50.9
2019-08-11,18.69402587413788,56.83703776200612,271.3811475833256,1116.5280950466793,22.50697620709737,111.87131818135579,22.50697620709737,0,2019-08-11,88.72,1003.1586666666666,986.1,78.915,20.933333333333334,44.1
2019-08-12,13.919157226880392,55.12015930811564,173.42898662885025,1001.3040285110474,22.50697620709737,44.78968954086304,18.69402587413788,0,2019-08-12,88.00333333333333,1003.6790000000001,987.2,83.83,14.786000000000001,29.5
2019-08-13,5.8169074058532715,38.430090506871544,144.21015079816175,979.56192668279,18.69402587413788,44.78968954086304,13.919157226880392,0,2019-08-13,89.33833333333334,1003.9390000000001,987.2,92.15,13.258333333333333,26.6
2019-08-14,5.920181433359782,25.656246066093445,105.34064269065851,890.1700512568157,13.919157226880392,22.847358862559002,5.8169074058532715,0,2019-08-14,90.81333333333333,1004.9893333333333,987.8,98.71,14.384500000000001,29.4
2019-08-15,7.570937951405843,19.308026790618896,90.06422177950535,795.3367787996928,7.570937951405843,22.50697620709737,5.920181433359782,0,2019-08-15,90.33,1005.5351666666667,988.7,99.855,16.495,28.5
2019-08-16,21.854624291261036,35.34574367602666,96.28281038999552,778.6090994874636,21.854624291261036,22.50697620709737,7.570937951405843,0,2019-08-16,87.98833333333333,1004.7821666666667,988.0,76.27,17.9665,33.1
2019-08-17,6.980378309885661,36.405940552552536,80.7562124927838,734.3379042347271,21.854624291261036,21.854624291261036,21.854624291261036,0,2019-08-17,86.025,1004.8951666666667,988.1,72.31166666666667,16.009666666666664,29.2
2019-08-18,4.509656508763631,33.344659109910324,66.57184312740955,601.0786061485609,21.854624291261036,21.854624291261036,6.980378309885661,0,2019-08-18,87.525,1006.5538333333334,990.0,69.17833333333333,10.971499999999999,22.7
2019-08-19,3.953861191868782,15.443896010518074,56.606547092397946,341.9068519026041,6.980378309885661,21.854624291261036,4.509656508763631,0,2019-08-19,88.475,1007.3151666666666,990.5,48.87,8.761333333333333,18.2
2019-08-20,3.425478766361872,11.888996466994284,54.215118452906545,233.4610124876102,4.509656508763631,21.854624291261036,3.953861191868782,0,2019-08-20,86.91166666666666,1007.0825,989.9,79.19333333333333,8.340666666666666,17.4
2019-08-21,1.3811622112989426,8.760502169529596,49.67609923084571,199.80643146236736,3.953861191868782,21.854624291261036,3.425478766361872,0,2019-08-21,89.87,1006.5208333333334,989.8,83.19,8.7455,18.1
2019-08-22,22.887349208196003,27.69399018585682,64.99251048763587,177.90409112970033,22.887349208196003,22.887349208196003,1.3811622112989426,0,2019-08-22,89.725,1005.9553333333332,989.1,69.515,9.6495,18.8
2019-08-23,11.177855531374613,35.44636695086955,54.31574172774945,166.23458779851595,22.887349208196003,22.887349208196003,22.887349208196003,0,2019-08-23,89.21166666666667,1005.9516666666667,989.0,81.21166666666667,10.155166666666668,20.2
2019-08-24,5.63536951939265,39.700574258963265,52.97073293725644,156.2339216371377,22.887349208196003,22.887349208196003,11.177855531374613,0,2019-08-24,89.90333333333334,1005.3631666666668,988.2,92.155,11.605500000000001,18.9
2019-08-25,10.753985444704691,27.56721049547195,59.2150618731975,144.48093087474507,11.177855531374613,22.887349208196003,5.63536951939265,0,2019-08-25,88.28666666666666,1004.3913333333334,987.4,92.56,10.2915,19.0
2019-08-26,7.5739215562740965,23.963276520371434,62.83512223760281,133.36082655688128,10.753985444704691,22.887349208196003,10.753985444704691,0,2019-08-26,87.91666666666667,1004.1025,987.6,82.765,11.820333333333332,26.8
2019-08-27,1.294148047765096,19.62205504874388,60.70379151900604,120.73581737776598,10.753985444704691,22.887349208196003,7.5739215562740965,0,2019-08-27,90.33166666666666,1003.2028333333333,986.1,65.515,13.821666666666667,27.1
2019-08-28,4.4363879561424255,13.304457560181614,63.75901726384952,119.35529792805514,7.5739215562740965,22.887349208196003,1.294148047765096,0,2019-08-28,89.45166666666667,1003.5018333333333,986.5,59.71666666666667,14.336166666666667,26.1
2019-08-29,2.1859799859424434,7.916515989849961,43.05764804159596,115.62109648063779,4.4363879561424255,11.177855531374613,4.4363879561424255,0,2019-08-29,88.885,1003.7121666666667,986.4,74.63333333333334,11.6305,24.5
2019-08-30,5.128757044672966,11.75112498675783,37.008549554894316,113.17891557390492,5.128757044672966,10.753985444704691,2.1859799859424434,0,2019-08-30,89.895,1002.0601666666666,985.2,93.51833333333333,10.8885,23.5
2019-08-31,34.5887568394343,41.90349387004971,65.96193687493597,125.91304812207818,34.5887568394343,34.5887568394343,5.128757044672966,0,2019-08-31,91.05666666666667,1001.1665,984.0,95.465,14.297333333333333,25.5
2019-09-01,50.82481733957926,90.54233122368652,106.03276876981053,169.75748715177178,50.82481733957926,50.82481733957926,34.5887568394343,0,2019-09-01,89.665,1002.5153333333333,985.5,90.60333333333334,15.240499999999999,30.0
2019-09-02,30.686281442642212,116.09985562165576,129.14512865617866,195.93411208565036,50.82481733957926,50.82481733957926,50.82481733957926,0,2019-09-02,91.2,1003.4858333333333,986.5,85.735,15.555666666666665,28.0
2019-09-03,54.97920171419779,136.49030049641925,182.83018232261134,246.95945260797936,54.97920171419779,54.97920171419779,30.686281442642212,1,2019-09-03,91.53166666666667,1002.7534999999999,985.6,96.92333333333333,13.314333333333334,33.0
2019-09-04,115.34521341323853,201.01069657007852,293.73900777970744,358.879187254856,115.34521341323853,115.34521341323853,54.97920171419779,1,2019-09-04,92.68,1001.0256666666667,984.3,99.93,15.627666666666668,34.6
2019-09-05,108.24687957763672,278.571294705073,399.79990737140173,465.74490462119377,115.34521341323853,115.34521341323853,115.34521341323853,0,2019-09-05,91.41333333333333,1000.4569999999999,983.8,99.41333333333333,19.2255,37.4
2019-09-06,61.196467558542885,284.78856054941815,455.86761788527167,504.0540229715407,115.34521341323853,115.34521341323853,108.24687957763672,0,2019-09-06,91.71666666666667,1000.9115,984.4,98.42833333333333,19.343500000000002,41.3
2019-09-07,62.26684729258219,231.71019442876178,483.5457083384195,555.1430147327483,108.24687957763672,115.34521341323853,61.196467558542885,1,2019-09-07,91.16,1001.599,984.7,97.36833333333334,20.567,39.1
2019-09-08,106.13503774007161,229.5983525911967,538.8559287389119,655.6426829534273,106.13503774007161,115.34521341323853,62.26684729258219,0,2019-09-08,91.63833333333334,1002.7493333333333,985.7,97.00166666666667,18.934333333333335,33.8
2019-09-09,38.426665941874184,206.82855097452799,546.5963132381438,683.3153634505967,106.13503774007161,115.34521341323853,106.13503774007161,0,2019-09-09,90.92166666666667,1002.5901666666666,985.6,98.73833333333333,17.97233333333333,34.8
2019-09-10,31.966057817141216,176.52776149908703,523.5831693410872,707.7074997114638,106.13503774007161,115.34521341323853,38.426665941874184,0,2019-09-10,91.72166666666666,1003.2581666666667,986.0,98.86,15.772000000000002,30.9
2019-09-11,23.719780484835308,94.11250424385071,431.9577364126841,730.1331321485341,38.426665941874184,108.24687957763672,31.966057817141216,0,2019-09-11,90.32,1005.9483333333334,988.7,98.45833333333333,14.517166666666666,30.6
2019-09-12,14.137527028719584,69.8233653306961,337.8483838637669,739.8342712211112,31.966057817141216,106.13503774007161,23.719780484835308,0,2019-09-12,92.02,1007.0973333333334,990.4,99.90666666666667,14.75,30.3
2019-09-13,49.5977307955424,87.45503830909729,326.2496471007664,787.2460220307112,49.5977307955424,106.13503774007161,14.137527028719584,0,2019-09-13,92.37166666666667,1007.2481666666667,990.2,99.55333333333333,12.1115,26.1
2019-09-14,38.36228017012278,102.09753799438477,302.345079978307,820.479545156161,49.5977307955424,106.13503774007161,49.5977307955424,0,2019-09-14,91.17,1007.1421666666668,990.1,92.79833333333333,11.377666666666668,25.5
2019-09-15,51.948218862215676,139.90822982788086,248.15826110045109,837.8390071789423,51.948218862215676,51.948218862215676,38.36228017012278,0,2019-09-15,90.84333333333333,1007.5026666666666,990.8,76.865,9.878833333333334,22.9
2019-09-16,17.97829691072305,108.2887959430615,227.70989206929997,804.9924867500861,51.948218862215676,51.948218862215676,51.948218862215676,0,2019-09-16,90.13333333333334,1006.0919999999999,988.7,87.315,11.2045,23.2
2019-09-17,37.65093183517456,107.57744760811329,233.39476608733327,811.9571371426184,51.948218862215676,51.948218862215676,17.97829691072305,0,2019-09-17,87.745,1005.3751666666666,988.5,85.99,8.934333333333335,24.5
2019-09-18,43.689807971318565,99.31903671721616,253.36479357381654,800.6677433997393,43.689807971318565,51.948218862215676,37.65093183517456,0,2019-09-18,91.18,1005.3265,988.2,98.48833333333333,7.427666666666667,22.9
2019-09-19,33.883073806762695,115.22381361325583,273.1103403518597,719.2056037932634,43.689807971318565,51.948218862215676,43.689807971318565,0,2019-09-19,89.90333333333334,1003.9593333333333,986.1,96.46333333333334,8.3195,32.7
2019-09-20,23.939633270104725,101.51251504818599,247.45224282642198,634.8983574857315,43.689807971318565,51.948218862215676,33.883073806762695,0,2019-09-20,88.64,1003.7584999999999,986.7,91.10833333333333,17.684333333333335,43.7
2019-09-21,15.376296013593674,73.19900309046109,224.46625866989288,589.0781859407822,33.883073806762695,51.948218862215676,23.939633270104725,0,2019-09-21,86.08333333333333,1003.7841666666667,985.9,76.74,19.252833333333335,44.8
2019-09-22,3.320379287004471,42.636308570702866,175.83841909468168,530.1317179352045,23.939633270104725,43.689807971318565,15.376296013593674,0,2019-09-22,86.25833333333334,1005.7166666666667,987.9,39.93333333333333,14.283666666666669,33.8
2019-09-23,2.392049625515938,21.088724926114082,160.25217180947456,426.3887298206488,15.376296013593674,43.689807971318565,3.320379287004471,0,2019-09-23,87.47333333333333,1007.1336666666666,989.7,63.678333333333335,7.351333333333334,19.7
2019-09-24,0.27422778867185116,5.98665670119226,122.87546776297187,388.23629166744644,3.320379287004471,43.689807971318565,2.392049625515938,0,2019-09-24,89.02166666666666,1006.1378333333332,988.8,89.82833333333333,7.988333333333333,25.2
2019-09-25,40.18828531106313,42.85456272525092,119.37394510271643,396.45851916136843,40.18828531106313,40.18828531106313,0.27422778867185116,0,2019-09-25,90.53833333333333,1005.6283333333333,987.7,98.53,6.562333333333333,23.5
2019-09-26,13.129016160964966,53.59152926069995,98.61988745691869,385.86775483749807,40.18828531106313,40.18828531106313,40.18828531106313,0,2019-09-26,89.32833333333333,1007.4858333333333,989.7,98.44166666666666,13.557666666666668,33.8
2019-09-27,27.58272584279378,80.90002731482188,102.26298002960775,399.31295365157223,40.18828531106313,40.18828531106313,13.129016160964966,0,2019-09-27,88.49333333333334,1010.2516666666667,993.1,95.24,18.300833333333333,35.3
2019-09-28,1.583251749475797,42.29499375323454,88.46993576548988,351.29847460550565,27.58272584279378,40.18828531106313,27.58272584279378,0,2019-09-28,86.965,1009.4138333333334,991.9,79.35166666666667,16.082166666666666,30.6
2019-09-29,1.5370877695580323,30.703065361827612,86.68664424804344,314.4732822049409,27.58272584279378,40.18828531106313,1.583251749475797,0,2019-09-29,86.87666666666667,1009.8296666666668,993.0,98.11166666666666,14.578,32.1
2019-09-30,2.100211299955845,5.220550818989674,86.39480592248334,264.6252746426811,2.100211299955845,40.18828531106313,1.5370877695580323,0,2019-09-30,90.22,1009.5891666666666,992.1,95.51666666666667,10.011666666666667,21.1
2020-06-01,0.24113063203791776,0.24113063203792132,0.24113063203786092,0.27143906243145466,0.24113063203791776,0.24113063203791776,0.0,0,2020-06-01,77.60166666666667,1006.2394999999999,989.2,99.325,6.361166666666667,17.6
2020-06-02,0.11791341503461202,0.35904404707253335,0.35904404707247295,0.35904404707252974,0.24113063203791776,0.24113063203791776,0.24113063203791776,0,2020-06-02,79.89166666666667,1002.372,982.4,99.835,14.197833333333335,40.8
2020-06-03,18.15660031636556,18.515644363438092,18.51564436343803,18.51564436343809,18.15660031636556,18.15660031636556,0.11791341503461202,0,2020-06-03,83.56833333333333,996.3758333333334,968.2,96.69333333333333,29.42683333333333,86.7
2020-06-04,62.10218604405721,80.37669977545738,80.61783040749525,80.6178304074953,62.10218604405721,62.10218604405721,18.15660031636556,0,2020-06-04,87.95833333333333,1004.1901666666666,986.4,75.275,13.838833333333332,30.3
2020-06-05,35.48688121636709,115.74566757678987,116.10471162386233,116.10471162386239,62.10218604405721,62.10218604405721,62.10218604405721,0,2020-06-05,85.565,1004.8494999999999,987.9,61.27333333333333,16.175666666666665,34.6
2020-06-06,31.518523047367733,129.10759030779204,147.62323467123005,147.6232346712301,62.10218604405721,62.10218604405721,35.48688121636709,0,2020-06-06,86.56333333333333,1004.5496666666668,988.0,70.76666666666667,17.557833333333335,34.7
2020-06-07,6.579477439324061,73.58488170305888,154.20271211055413,154.2027121105542,35.48688121636709,62.10218604405721,31.518523047367733,0,2020-06-07,87.165,1004.7683333333333,988.3,66.44333333333333,15.432166666666665,31.3
2020-06-08,15.990258693695068,54.08825918038687,169.9518401722113,170.19297080424926,31.518523047367733,62.10218604405721,6.579477439324061,0,2020-06-08,87.67333333333333,1005.0191666666667,988.5,65.125,12.186,26.8
2020-06-09,0.6820090586940447,23.251745191713184,170.5159358158707,170.8749798629433,15.990258693695068,62.10218604405721,15.990258693695068,0,2020-06-09,88.22166666666666,1004.8158333333333,988.3,61.31333333333333,11.266333333333334,19.4
2020-06-10,4.491901074846585,21.164168827235706,156.85123657435173,175.3668809377899,15.990258693695068,62.10218604405721,0.6820090586940447,0,2020-06-10,89.01333333333334,1003.6805,986.8,80.43,9.531166666666666,17.8
2020-06-11,11.375716785589853,16.54962691913049,106.12476731588437,186.74259772337973,11.375716785589853,35.48688121636709,4.491901074846585,0,2020-06-11,88.955,1001.346,984.6,93.43833333333333,10.246,19.6
2020-06-12,4.543934930115938,20.411552790552385,75.18182102963323,191.28653265349567,11.375716785589853,31.518523047367733,11.375716785589853,0,2020-06-12,87.89166666666667,999.4508333333333,982.8,99.03,8.057166666666667,20.4
2020-06-13,12.591438064972559,28.511089780678358,56.254736047238055,203.87797071846822,12.591438064972559,15.990258693695068,4.543934930115938,0,2020-06-13,88.715,999.9018333333333,983.0,98.07666666666667,9.236166666666666,18.5
2020-06-14,23.773427327473957,40.908800322562456,73.44868593538794,227.6513980459422,23.773427327473957,23.773427327473957,12.591438064972559,0,2020-06-14,87.61666666666666,1001.1659999999999,984.7,95.85166666666667,10.779166666666667,21.5
2020-06-15,8.358752131462097,44.723617523908615,65.81717937315497,236.01015017740428,23.773427327473957,23.773427327473957,23.773427327473957,0,2020-06-15,90.07666666666667,1000.8135,984.0,97.08333333333333,9.693833333333334,18.8
2020-06-16,21.15846370657285,53.29064316550891,86.29363402103377,256.92748325193924,23.773427327473957,23.773427327473957,8.358752131462097,0,2020-06-16,89.18833333333333,1000.0705,983.4,96.81333333333333,11.6585,24.7
2020-06-17,6.810873791575432,36.32808962961039,88.61260673776262,263.6204436284801,21.15846370657285,23.773427327473957,21.15846370657285,0,2020-06-17,90.085,1000.5278333333332,984.1,95.58666666666667,15.830166666666667,35.8
2020-06-18,4.614367681245009,32.5837051793933,81.85125763341777,250.07821099335948,21.15846370657285,23.773427327473957,6.810873791575432,0,2020-06-18,90.895,1002.7508333333334,985.2,98.66,18.334666666666667,37.4
2020-06-19,36.848435958226524,48.27367743104698,114.15575866152835,224.8244609075288,36.848435958226524,36.848435958226524,4.614367681245009,0,2020-06-19,89.77666666666667,1004.3294999999999,987.7,97.21166666666667,15.971333333333332,29.3
2020-06-20,4.199412460128467,45.6622160996,105.76373305668427,193.53699215129018,36.848435958226524,36.848435958226524,36.848435958226524,0,2020-06-20,89.48666666666666,1004.8888333333334,988.5,87.20166666666667,14.183166666666667,27.1
2020-06-21,5.5551879281799,46.6030363465349,87.54549365739022,167.57365703210232,36.848435958226524,36.848435958226524,4.199412460128467,0,2020-06-21,90.87833333333333,1003.5038333333334,986.6,78.72833333333334,14.959,27.7
2020-06-22,16.412930885950725,26.167531274259098,95.59967241187883,177.407110478729,16.412930885950725,36.848435958226524,5.5551879281799,0,2020-06-22,88.55833333333334,1002.2066666666667,985.3,79.42,16.224,28.8
2020-06-23,6.721523334582646,28.689642148713276,81.16273203988864,168.13837511961657,16.412930885950725,36.848435958226524,16.412930885950725,0,2020-06-23,85.49,1003.1108333333333,986.6,56.39,20.036166666666666,38.6
2020-06-24,2.6443247285981974,25.778778949131578,76.9961829769114,170.10069078952074,16.412930885950725,36.848435958226524,6.721523334582646,0,2020-06-24,85.54166666666667,1003.6736666666666,986.5,43.611666666666665,14.458333333333334,30.0
2020-06-25,0.599429958810409,9.965278021991256,72.9812452544768,166.20821967348456,6.721523334582646,36.848435958226524,2.6443247285981974,0,2020-06-25,85.06166666666667,1002.6126666666667,985.8,70.46333333333334,10.650166666666667,23.4
2020-06-26,3.6984465047717094,6.9422011921803195,39.83125580102199,158.53094939266643,3.6984465047717094,16.412930885950725,0.599429958810409,0,2020-06-26,86.78666666666666,1002.6533333333333,986.1,96.82,7.674333333333334,20.2
2020-06-27,1.8114492756625016,6.109325739244624,37.44329261655603,155.79846373821297,3.6984465047717094,16.412930885950725,3.6984465047717094,0,2020-06-27,85.67,1003.1331666666667,986.3,97.81,9.448166666666665,20.1
2020-06-28,17.92163771390915,23.431533494343363,49.809742402285266,161.12866338714954,17.92163771390915,17.92163771390915,1.8114492756625016,0,2020-06-28,85.79666666666667,1002.9855000000001,985.8,83.59666666666666,9.814166666666667,24.9
2020-06-29,12.166190380851427,31.89927737042308,45.56300189718598,149.52142644052705,17.92163771390915,17.92163771390915,17.92163771390915,0,2020-06-29,89.965,1002.1301666666666,985.4,99.06,7.077833333333333,18.3
2020-06-30,19.829623768726986,49.91745186348757,58.67110233133031,160.99229807779193,19.829623768726986,19.829623768726986,12.166190380851427,0,2020-06-30,88.72,1000.9853333333333,983.9,93.36666666666666,12.512666666666668,27.3
2020-07-01,9.9371510942777,41.93296524385612,65.96392869700982,149.77098546549678,19.829623768726986,19.829623768726986,19.829623768726986,0,2020-07-01,89.375,1002.1711666666666,985.9,78.875,15.516,28.4
2020-07-02,7.026653865973155,36.79342872897785,72.39115260417258,149.9867655398945,19.829623768726986,19.829623768726986,9.9371510942777,0,2020-07-02,88.46166666666667,1001.5463333333335,984.6,83.15333333333334,14.152000000000001,27.9
2020-07-03,12.829311410586039,29.7931163708369,81.52201750998688,158.20170926923552,12.829311410586039,19.829623768726986,7.026653865973155,0,2020-07-03,89.71833333333333,1000.7701666666667,984.1,97.11,14.149333333333335,36.1
2020-07-04,61.13920406500498,80.99516934156418,140.84977229932937,182.492477376014,61.13920406500498,61.13920406500498,12.829311410586039,1,2020-07-04,92.32833333333333,998.6541666666667,981.4,99.94333333333333,20.703166666666664,51.0
2020-07-05,142.85016504923502,216.81868052482605,265.77829963465524,321.14322996512055,142.85016504923502,142.85016504923502,61.13920406500498,1,2020-07-05,91.08166666666666,999.135,982.2,99.12666666666667,21.890833333333333,42.1
2020-07-06,78.13180049260457,282.12116960684455,331.7439097464084,393.7198425295452,142.85016504923502,142.85016504923502,142.85016504923502,0,2020-07-06,88.35166666666667,998.0305000000001,981.0,95.47333333333333,28.22883333333333,49.9
2020-07-07,47.69201374053955,268.6739792823791,359.60629971822095,424.99892538413405,142.85016504923502,142.85016504923502,78.13180049260457,1,2020-07-07,90.95833333333333,999.9215,982.1,94.505,22.59883333333333,41.0
2020-07-08,69.93550078074138,195.7593150138855,419.60464940468466,488.2129028302927,78.13180049260457,142.85016504923502,47.69201374053955,0,2020-07-08,91.02166666666666,1002.8923333333333,985.6,79.94333333333333,17.570333333333334,32.4
2020-07-09,30.928685267766316,148.55619978904724,443.5066808064778,516.4972633694608,69.93550078074138,142.85016504923502,69.93550078074138,0,2020-07-09,91.26333333333334,1002.6388333333334,986.4,97.03333333333333,16.3885,30.8
2020-07-10,20.870632092158,121.7348181406657,451.54800148804975,536.7684655028085,69.93550078074138,142.85016504923502,30.928685267766316,0,2020-07-10,89.94166666666666,1003.2871666666667,986.4,93.18666666666667,17.219166666666666,31.3
2020-07-11,9.765739997227987,61.565057357152305,400.17453742027277,542.8357589952647,30.928685267766316,142.85016504923502,20.870632092158,0,2020-07-11,90.19,1003.2443333333333,986.7,79.30166666666666,16.985333333333333,30.6
2020-07-12,14.683399518330893,45.31977160771688,272.0077718893686,555.7077092379332,20.870632092158,78.13180049260457,9.765739997227987,0,2020-07-12,90.80833333333334,1003.5,987.2,93.20166666666667,14.340166666666667,25.7
2020-07-13,22.788630604743958,47.23777012030284,216.664602001508,560.574702128768,22.788630604743958,69.93550078074138,14.683399518330893,0,2020-07-13,91.525,1002.5458333333333,985.6,95.18833333333333,12.100833333333334,25.2
2020-07-14,22.73260259628296,60.204632719357804,191.7051908572514,571.1411143441994,22.788630604743958,69.93550078074138,22.788630604743958,0,2020-07-14,91.38166666666666,1001.8073333333334,985.0,98.99333333333334,10.2835,25.9
2020-07-15,32.960134357213974,78.48136755824089,154.72982443372405,584.2716249326864,32.960134357213974,32.960134357213974,22.73260259628296,0,2020-07-15,92.47666666666667,999.9906666666667,982.4,99.765,12.653833333333333,34.1
2020-07-16,58.06120008230209,113.75393703579903,181.86233924825981,632.3956739207108,58.06120008230209,58.06120008230209,32.960134357213974,0,2020-07-16,91.925,997.3813333333334,980.6,90.69666666666667,18.764666666666667,45.4
2020-07-17,33.75068961083889,124.77202405035496,194.74239676694071,659.1197096655766,58.06120008230209,58.06120008230209,58.06120008230209,0,2020-07-17,90.015,998.2719999999999,981.4,80.21333333333334,20.905,40.6
2020-07-18,24.73584924141566,116.54773893455665,209.71250601112837,671.0262474964062,58.06120008230209,58.06120008230209,33.75068961083889,0,2020-07-18,90.79333333333334,1002.3673333333334,983.9,73.97333333333333,18.5915,36.6
2020-07-19,15.411781748135885,73.89832060039043,210.44088824093336,625.2988251795371,33.75068961083889,58.06120008230209,24.73584924141566,0,2020-07-19,89.30333333333333,1004.0131666666667,987.0,88.59666666666666,10.971833333333334,19.2
2020-07-20,7.184002136190732,47.33163312574228,194.83625977238015,489.63266226649284,24.73584924141566,58.06120008230209,15.411781748135885,0,2020-07-20,90.34333333333333,1002.4986666666666,985.5,97.31333333333333,11.265166666666667,24.6
2020-07-21,3.2443257346749306,25.84010961900155,175.34798291077212,414.7451875085632,15.411781748135885,58.06120008230209,7.184002136190732,0,2020-07-21,88.455,1003.5665,986.7,96.32333333333334,10.588333333333333,25.6
2020-07-22,1.0517167951911688,11.48004466605683,143.4395653487493,368.10489056321484,7.184002136190732,58.06120008230209,3.2443257346749306,0,2020-07-22,88.08,1004.4719999999999,987.7,92.60166666666667,7.76,17.3
2020-07-23,9.850273884832859,14.146316414698958,95.22863915128008,308.0196636673063,9.850273884832859,33.75068961083889,1.0517167951911688,0,2020-07-23,89.02666666666667,1003.8565,986.8,98.99,6.454166666666667,12.6
2020-07-24,13.68555243810018,24.58754311812421,75.16350197854136,290.77653083764017,13.68555243810018,24.73584924141566,9.850273884832859,0,2020-07-24,90.965,1004.3994999999999,987.6,95.68,6.5975,21.8
2020-07-25,13.70412572224935,37.23995204518239,64.13177845937504,283.6100244677315,13.70412572224935,15.411781748135885,13.68555243810018,0,2020-07-25,88.43833333333333,1004.7913333333335,988.2,83.08333333333333,10.136666666666667,23.4
2020-07-26,4.406123946110408,31.795802106459938,53.126120657349574,278.25040841661394,13.70412572224935,13.70412572224935,13.70412572224935,0,2020-07-26,86.90666666666667,1005.8209999999999,989.0,58.781666666666666,12.2925,27.1
2020-07-27,24.37313775221507,42.48338742057483,70.3152562733739,287.9401466504981,24.37313775221507,24.37313775221507,4.406123946110408,0,2020-07-27,89.89833333333333,1006.1696666666668,989.1,82.44333333333333,10.3805,24.8
2020-07-28,26.400081316630047,55.17934301495552,93.47101185532902,291.55159736238414,26.400081316630047,26.400081316630047,24.37313775221507,0,2020-07-28,88.98166666666667,1004.6665,987.4,97.64,8.431666666666667,18.4
2020-07-29,23.492788434028625,74.26600750287375,115.91208349416648,292.3117832001298,26.400081316630047,26.400081316630047,26.400081316630047,0,2020-07-29,90.80333333333333,1002.8815000000001,986.1,96.54666666666667,7.718666666666667,18.7
2020-07-30,15.626937945683798,65.51980769634247,121.68874755501741,274.97858678859967,26.400081316630047,26.400081316630047,23.492788434028625,0,2020-07-30,91.61666666666666,1002.7163333333334,986.4,97.10833333333333,9.181166666666666,23.3
2020-07-31,9.00730001181364,48.12702639152606,117.01049512873088,225.9246867181112,23.492788434028625,26.400081316630047,15.626937945683798,0,2020-07-31,89.215,1002.3848333333334,985.1,89.60833333333333,10.140166666666667,23.7
2020-08-01,1.169716107348601,25.80395406484604,104.47608551383013,193.34371321462095,15.626937945683798,26.400081316630047,9.00730001181364,0,2020-08-01,87.10833333333333,1001.6044999999999,984.5,89.08333333333333,13.167333333333334,35.4
2020-08-02,0.9899749277780453,11.166991046940288,101.05993649549778,169.5978389009833,9.00730001181364,26.400081316630047,1.169716107348601,0,2020-08-02,85.085,1000.4801666666666,983.6,78.315,16.379333333333335,41.7
2020-08-03,3.0338354657093682,5.193526500836015,79.72063420899207,157.21989261855677,3.0338354657093682,26.400081316630047,0.9899749277780453,1,2020-08-03,90.57666666666667,997.9103333333333,980.1,95.53166666666667,22.9295,60.8
2020-08-04,90.08719531695048,94.1110057104379,143.4077482093125,240.12308579931656,90.08719531695048,90.08719531695048,3.0338354657093682,1,2020-08-04,90.97333333333333,994.8783333333333,978.7,99.78,28.372666666666664,59.9
2020-08-05,121.16443347930908,214.2854642619689,241.07939325459296,358.0431935439507,121.16443347930908,121.16443347930908,90.08719531695048,1,2020-08-05,91.955,993.1491666666667,976.5,99.81833333333333,26.692,56.6
2020-08-06,162.92648283640543,374.17811163266504,388.3789381453146,519.9179595851649,162.92648283640543,162.92648283640543,121.16443347930908,1,2020-08-06,89.10166666666667,994.9271666666667,977.7,98.105,28.211333333333332,53.5
2020-08-07,65.5846487681071,349.6755650838216,444.95628690160805,575.6523344684392,162.92648283640543,162.92648283640543,162.92648283640543,0,2020-08-07,89.725,1001.2786666666666,982.3,81.57333333333334,23.725,41.8
2020-08-08,27.981306950251263,256.4924385547638,471.76787774451066,589.9480889805902,162.92648283640543,162.92648283640543,65.5846487681071,0,2020-08-08,86.805,1003.1845,986.5,81.61833333333334,21.253,39.7
2020-08-09,20.711239020029705,114.27719473838809,491.48914183676237,596.9552022783707,65.5846487681071,162.92648283640543,27.981306950251263,0,2020-08-09,87.24666666666667,1002.4509999999999,985.8,97.56333333333333,16.984333333333336,32.8
2020-08-10,7.531477361917496,56.22402333219849,495.9867837329705,600.0805556941777,27.981306950251263,162.92648283640543,20.711239020029705,0,2020-08-10,91.58,1002.6936666666666,985.8,97.105,14.943666666666667,28.3
2020-08-11,36.44839652379354,64.69111290574077,442.3479849398136,612.1558144657562,36.44839652379354,162.92648283640543,7.531477361917496,0,2020-08-11,91.86333333333333,1004.4711666666666,987.2,99.84166666666667,16.937,31.5
2020-08-12,42.70002683003744,86.6799007157485,363.88357829054195,628.4557599791636,42.70002683003744,162.92648283640543,36.44839652379354,1,2020-08-12,91.07833333333333,1005.1168333333333,987.8,99.22,19.655666666666665,37.9
2020-08-13,78.08260424931844,157.23102760314944,279.0396997034549,683.0455757944535,78.08260424931844,78.08260424931844,42.70002683003744,0,2020-08-13,91.41,1002.7818333333333,985.9,99.12666666666667,20.432166666666664,38.6
2020-08-14,56.52184438705444,177.30447546641034,269.97689532240224,723.940482235824,78.08260424931844,78.08260424931844,78.08260424931844,1,2020-08-14,91.86333333333333,1000.9728333333333,984.4,99.97666666666667,22.3365,41.5
2020-08-15,69.32873090108235,203.93317953745526,311.32431927323336,784.2619131250927,78.08260424931844,78.08260424931844,56.52184438705444,0,2020-08-15,92.72166666666666,1001.3694999999999,984.5,97.13833333333334,20.61916666666667,41.7
2020-08-16,52.32481972376505,178.17539501190188,342.93789997696865,835.4170167415092,69.32873090108235,78.08260424931844,69.32873090108235,0,2020-08-16,91.79166666666667,1002.0696666666668,985.6,99.78,18.863833333333332,36.3
2020-08-17,21.3023468653361,142.95589749018356,356.7087694803873,855.7293886790673,69.32873090108235,78.08260424931844,52.32481972376505,1,2020-08-17,91.53333333333333,1001.905,985.0,99.86833333333334,17.6935,32.7
2020-08-18,65.31021865208943,138.9373852411906,385.5705916086832,918.0057718654473,65.31021865208943,78.08260424931844,21.3023468653361,0,2020-08-18,91.85333333333334,1003.3158333333333,986.7,98.655,17.776333333333334,31.1
2020-08-19,36.00635973612467,122.61892525355026,378.87692451477045,863.9249362846215,65.31021865208943,78.08260424931844,65.31021865208943,0,2020-08-19,90.26666666666667,1002.4213333333335,985.9,95.44833333333334,17.961666666666666,36.4
2020-08-20,29.295021812121075,130.61160020033523,330.0893420775731,772.0555246174334,65.31021865208943,69.32873090108235,36.00635973612467,1,2020-08-20,92.22166666666666,1001.7861666666666,984.9,97.36,16.524333333333335,29.5
2020-08-21,91.35139242808025,156.65277397632605,364.9188901185988,700.4804342091082,91.35139242808025,91.35139242808025,29.295021812121075,0,2020-08-21,92.435,1003.0545,986.3,99.48,19.390666666666664,36.4
2020-08-22,59.111596743265785,179.75801098346716,354.7017559607823,694.007382184267,91.35139242808025,91.35139242808025,91.35139242808025,0,2020-08-22,90.91166666666666,1003.761,987.2,100.0,19.175833333333333,35.7
2020-08-23,24.50533624490102,174.96832541624707,326.8822724819183,690.5314114789168,91.35139242808025,91.35139242808025,59.111596743265785,0,2020-08-23,89.18,1004.2541666666667,987.8,98.315,21.426166666666667,36.6
2020-08-24,13.125595251719156,96.742528239886,318.70552086830133,682.9457677106062,59.111596743265785,91.35139242808025,24.50533624490102,0,2020-08-24,87.30666666666667,1005.1246666666667,988.0,71.59666666666666,19.931,36.0
2020-08-25,10.199470033248266,47.83040152986848,263.59477224946016,685.6137603819369,24.50533624490102,91.35139242808025,13.125595251719156,0,2020-08-25,87.115,1007.3881666666667,990.5,66.70166666666667,16.16016666666667,30.6
2020-08-26,8.15872636437416,31.483791649341626,235.74713887770963,657.3240902225175,13.125595251719156,91.35139242808025,10.199470033248266,0,2020-08-26,86.60333333333334,1007.2536666666666,990.4,63.07666666666667,13.969666666666665,25.4
2020-08-27,7.004131426413854,25.362327824036324,213.45624849200243,621.628194818894,10.199470033248266,91.35139242808025,8.15872636437416,0,2020-08-27,91.075,1005.7766666666666,988.1,95.57166666666667,12.243666666666666,25.6
2020-08-28,14.372498273849487,29.535356064637543,136.47735433777166,557.918088843425,14.372498273849487,59.111596743265785,7.004131426413854,1,2020-08-28,92.65333333333334,1004.4411666666666,987.5,98.17833333333333,15.095833333333333,28.0
2020-08-29,88.45340569814046,109.83003539840384,165.81916329264635,589.8496501545111,88.45340569814046,88.45340569814046,14.372498273849487,1,2020-08-29,92.69333333333333,1003.9086666666666,987.5,100.0,15.787333333333333,31.0
2020-08-30,69.73752498626709,172.56342895825708,211.0513520340124,590.2584442396959,88.45340569814046,88.45340569814046,88.45340569814046,0,2020-08-30,91.86166666666666,1004.4269999999999,987.7,98.94333333333333,18.948166666666665,36.0
2020-08-31,40.45574998855591,198.6466806729635,238.38150677084917,578.3893745044867,88.45340569814046,88.45340569814046,69.73752498626709,0,2020-08-31,90.47833333333334,1006.5213333333334,989.6,65.57,14.670833333333333,32.1
2020-09-01,19.472294569015503,129.66556954383856,247.6543313066164,576.5593222081661,69.73752498626709,88.45340569814046,40.45574998855591,0,2020-09-01,90.50333333333333,1007.6723333333334,990.5,79.26333333333334,7.4005,15.9
2020-09-02,3.9806305492917695,63.90867510686322,243.476235491534,515.2297341053684,40.45574998855591,88.45340569814046,19.472294569015503,0,2020-09-02,87.34666666666666,1006.617,989.1,86.975,7.597666666666667,24.2
2020-09-03,0.0,23.452925118307316,236.47210406512013,479.22337436924374,19.472294569015503,88.45340569814046,3.9806305492917695,0,2020-09-03,87.75666666666666,1005.6456666666667,988.5,42.77166666666667,7.243166666666666,20.9
2020-09-04,6.94288428624471,10.923514835536523,229.0424900775154,456.87123684336734,6.94288428624471,88.45340569814046,0.0,0,2020-09-04,87.33333333333333,1005.1456666666667,987.9,55.32333333333333,6.497833333333333,21.1
2020-09-05,9.777299525837103,16.720183812081856,150.36638390521202,375.29714394112426,9.777299525837103,69.73752498626709,6.94288428624471,0,2020-09-05,88.155,1004.0161666666665,987.0,59.651666666666664,6.105166666666666,15.9
2020-09-06,1.2774011592070262,17.997584971288884,81.90626007815196,317.4629483570655,9.777299525837103,40.45574998855591,9.777299525837103,0,2020-09-06,90.32666666666667,1003.8351666666666,986.6,90.26166666666667,5.947666666666667,19.6
2020-09-07,14.50837917625904,25.563079861303212,55.95888926585509,307.46599128842354,14.50837917625904,19.472294569015503,1.2774011592070262,0,2020-09-07,88.42333333333333,1005.5380000000001,987.8,88.485,7.348333333333334,28.9
2020-09-08,3.7057029431064925,19.491483278572602,40.192297639946084,298.04609897981084,14.50837917625904,14.50837917625904,14.50837917625904,0,2020-09-08,89.2,1005.6144999999999,987.9,88.42833333333333,6.7765,19.8
2020-09-09,2.3452342276771865,20.55931634704276,38.556901318331505,290.19186317423976,14.50837917625904,14.50837917625904,3.7057029431064925,0,2020-09-09,88.885,1003.5745,985.9,82.94833333333334,6.499333333333333,17.6
2020-09-10,15.85989236831665,21.91082953910037,54.416793686648155,297.89302917818225,15.85989236831665,15.85989236831665,2.3452342276771865,0,2020-09-10,88.53166666666667,1002.1331666666667,984.6,95.60166666666667,6.632333333333333,16.2
2020-09-11,4.525482287009557,22.730608883003438,51.999391687413,295.41438003877795,15.85989236831665,15.85989236831665,15.85989236831665,0,2020-09-11,90.49,1001.8626666666667,985.1,88.355,6.574333333333334,20.7
2020-09-12,35.627669175465904,56.01304383079216,77.8497613370418,316.66955094039434,35.627669175465904,35.627669175465904,4.525482287009557,0,2020-09-12,85.87833333333333,1003.1780000000001,986.0,82.96333333333334,20.666,57.1
2020-09-13,19.00674037138621,59.15989183386171,95.57910054922098,247.2228856136401,35.627669175465904,35.627669175465904,35.627669175465904,0,2020-09-13,85.31166666666667,1005.4898333333334,988.7,90.92833333333333,13.768500000000001,29.0
2020-09-14,6.172107440729936,60.806516987582086,87.24282881369189,183.657468068103,35.627669175465904,35.627669175465904,19.00674037138621,0,2020-09-14,90.01,1005.0561666666666,987.7,95.55666666666667,9.1305,17.4
2020-09-15,4.862501956522465,30.041349768638646,88.39962782710786,148.0642200360695,19.00674037138621,35.627669175465904,6.172107440729936,0,2020-09-15,89.75666666666666,1004.8443333333333,987.3,98.56333333333333,6.8935,16.8
2020-09-16,12.529474844535192,23.56408424178763,98.58386844396587,141.1214003115892,12.529474844535192,35.627669175465904,4.862501956522465,0,2020-09-16,90.28,1005.1895,988.1,98.19166666666666,5.793833333333334,16.6
2020-09-17,8.60359271367391,25.995569514731606,91.32756878932311,145.74436247597134,12.529474844535192,35.627669175465904,12.529474844535192,0,2020-09-17,89.59666666666666,1005.5101666666666,988.4,95.33166666666666,6.686833333333333,21.1
2020-09-18,13.539315819740295,34.67238337794944,100.34140232205385,159.28367829571164,13.539315819740295,35.627669175465904,8.60359271367391,0,2020-09-18,86.46166666666667,1004.2198333333333,986.5,95.90166666666667,5.361,14.4
2020-09-19,9.735194442172846,31.878102975587087,74.4489275887608,162.0759884516398,13.539315819740295,19.00674037138621,13.539315819740295,0,2020-09-19,88.08166666666666,1002.0498333333334,985.0,90.71166666666667,5.4085,17.6
2020-09-20,7.277148991823196,30.551659253736375,62.71933620919779,159.57583791762588,13.539315819740295,13.539315819740295,9.735194442172846,0,2020-09-20,90.255,1000.1293333333333,983.2,94.44166666666666,5.862333333333334,21.7
2020-09-21,4.146926932036877,21.159270366032956,60.69415570050472,162.44536369045574,9.735194442172846,13.539315819740295,7.277148991823196,0,2020-09-21,90.425,999.1156666666667,981.8,90.38833333333334,5.963666666666667,22.4
2020-09-22,22.63346783320109,34.0575437570612,78.46512157718335,170.5704523473978,22.63346783320109,22.63346783320109,4.146926932036877,1,2020-09-22,90.845,999.6096666666667,982.6,98.03333333333333,8.529833333333332,46.6
2020-09-23,100.01294938723247,126.79334415247047,165.94859611988062,266.87769879152376,100.01294938723247,100.01294938723247,22.63346783320109,0,2020-09-23,92.97333333333333,1002.5980000000001,983.9,96.815,13.361833333333333,49.6
2020-09-24,40.376810232798256,163.02322745323184,197.72181363900498,304.90927479664487,100.01294938723247,100.01294938723247,100.01294938723247,0,2020-09-24,89.72833333333334,1005.8658333333333,988.9,63.75333333333333,8.879833333333332,16.5
2020-09-25,5.2998203287522,145.68957994878298,189.48231814801687,294.3492027570804,100.01294938723247,100.01294938723247,40.376810232798256,0,2020-09-25,88.405,1006.0826666666667,989.1,96.68,8.339166666666667,25.1
2020-09-26,6.2239879965782166,51.9006185581287,185.97111170242223,296.047708466649,40.376810232798256,100.01294938723247,5.2998203287522,0,2020-09-26,82.31833333333333,1006.2425,989.3,62.915,9.0915,25.3
2020-09-27,0.09981800367434819,11.623626329004793,178.7937807142734,260.5198572948575,6.2239879965782166,100.01294938723247,6.2239879965782166,0,2020-09-27,87.65666666666667,1007.4038333333334,990.2,42.836666666666666,6.5625,14.1
2020-09-28,0.5160163231194019,6.839822323371995,175.16287010535592,242.02913324659067,6.2239879965782166,100.01294938723247,0.09981800367434819,0,2020-09-28,87.735,1007.7136666666665,990.9,36.42666666666667,4.976833333333333,13.0
2020-09-29,0.502695374811689,1.1185297016054676,153.03209764696652,236.35972118067244,0.5160163231194019,100.01294938723247,0.5160163231194019,0,2020-09-29,87.21833333333333,1006.7866666666666,989.4,43.083333333333336,5.895833333333333,18.0
2020-09-30,0.4464713856577873,1.4651830835889068,53.46561964539184,231.94369060980776,0.5160163231194019,40.376810232798256,0.502695374811689,0,2020-09-30,84.43,1006.4118333333333,988.7,52.90833333333333,6.457,19.9
2021-06-01,12.040915712714195,37.336911529302625,38.58104943484062,149.73085419709483,23.200774490833282,23.200774490833282,23.200774490833282,0,2021-06-01,85.31333333333333,1004.2781666666667,987.3,83.185,10.516499999999999,26.2
2021-06-02,11.62858784198761,46.870278045535116,50.20963727682823,80.52267118667561,23.200774490833282,23.200774490833282,12.040915712714195,0,2021-06-02,85.47333333333333,1005.1438333333334,988.1,68.63333333333334,7.622166666666667,16.6
2021-06-03,8.778907815615336,32.44841137031717,58.65500923494492,73.00390567009644,12.040915712714195,23.200774490833282,11.62858784198761,0,2021-06-03,83.33666666666667,1005.6888333333334,989.1,54.905,7.248500000000001,15.3
2021-06-04,4.812074368198712,25.219570025801687,63.467083603143635,71.1367327533662,11.62858784198761,23.200774490833282,8.778907815615336,0,2021-06-04,83.27,1006.226,989.0,54.96333333333333,8.323166666666665,17.9
2021-06-05,3.2157593220472336,16.80674150586131,65.77224087715143,74.35249207541344,8.778907815615336,23.200774490833282,4.812074368198712,0,2021-06-05,86.23333333333333,1005.6298333333334,988.3,99.105,7.726999999999999,19.3
2021-06-06,20.071402947107952,28.099236637353926,83.74842249850427,94.42389502252139,20.071402947107952,23.200774490833282,3.2157593220472336,0,2021-06-06,84.17,1006.0509999999999,988.6,61.928333333333335,9.633666666666667,20.5
2021-06-07,6.1373879462480545,29.424550215403272,66.68503595391904,97.4387086505691,20.071402947107952,20.071402947107952,20.071402947107952,0,2021-06-07,87.07666666666667,1006.239,989.5,64.395,11.5835,20.6
2021-06-08,7.89092555642128,34.09971644977732,62.535045797626125,101.11609523246683,20.071402947107952,20.071402947107952,6.1373879462480545,0,2021-06-08,90.05833333333334,1005.2556666666667,988.5,82.30166666666666,10.885,21.0
2021-06-09,47.28996308644613,61.3182765891155,98.19642104208464,148.40605831891298,47.28996308644613,47.28996308644613,7.89092555642128,1,2021-06-09,90.64333333333333,1004.1178333333332,987.4,95.01833333333333,12.28,26.1
2021-06-10,97.09910837809245,152.27999702095988,186.51662160456175,245.50516669700542,97.09910837809245,97.09910837809245,47.28996308644613,0,2021-06-10,88.99833333333333,1003.4225,986.7,91.02166666666666,14.535499999999999,31.8
2021-06-11,39.51188691457113,183.90095837910974,221.2164341509342,284.6835177540779,97.09910837809245,97.09910837809245,97.09910837809245,1,2021-06-11,89.68333333333334,1002.646,986.1,89.105,15.579500000000001,29.3
2021-06-12,66.67704995473225,203.28804524739584,284.67772478361917,351.36056770881015,97.09910837809245,97.09910837809245,39.51188691457113,0,2021-06-12,90.50666666666666,1002.7596666666667,986.0,92.07333333333334,12.504333333333333,27.6
2021-06-13,34.94340487321218,141.1323417425156,299.5497267097234,385.3933705339829,66.67704995473225,97.09910837809245,66.67704995473225,0,2021-06-13,88.88,1002.2466666666667,985.4,75.05,13.8495,24.8
2021-06-14,11.07984251777331,112.70029734571776,304.4921812812487,394.3779917260011,66.67704995473225,97.09910837809245,34.94340487321218,0,2021-06-14,89.39166666666667,1001.0381666666667,984.2,69.80333333333333,14.183166666666667,28.0
2021-06-15,4.3414256026347475,50.36467299362027,300.94268132746214,375.51864283780253,34.94340487321218,97.09910837809245,11.07984251777331,0,2021-06-15,88.76333333333334,1000.1619999999999,983.6,81.83833333333334,16.605333333333334,32.6
2021-06-16,15.846226652463278,31.267494772871363,269.4989448934793,379.32395377755165,15.846226652463278,97.09910837809245,4.3414256026347475,0,2021-06-16,91.59333333333333,1001.0645,984.1,98.32,16.3035,34.8
2021-06-17,36.66173013051351,56.84938238561156,209.06156664590034,404.35709606607753,36.66173013051351,66.67704995473225,15.846226652463278,1,2021-06-17,90.81333333333333,1002.0771666666667,985.5,95.85333333333334,19.298166666666667,35.9
2021-06-18,101.84515953063965,154.35311631361645,271.39483926196885,497.4233477811018,101.84515953063965,101.84515953063965,36.66173013051351,0,2021-06-18,89.68333333333334,1003.4018333333333,986.4,82.02833333333334,19.573,39.1
2021-06-19,46.216853300730385,184.72374296188357,250.934642607967,538.8281267136335,101.84515953063965,101.84515953063965,101.84515953063965,0,2021-06-19,90.45666666666666,1005.1343333333333,988.6,83.38833333333334,18.81883333333333,33.2
2021-06-20,37.03977767626444,185.1017905076345,253.03101541101927,572.6521450678507,101.84515953063965,101.84515953063965,46.216853300730385,0,2021-06-20,88.10166666666667,1006.035,988.9,76.93333333333334,15.7675,32.3
2021-06-21,19.219956676165264,102.47658765316012,261.1711295694112,571.800698796908,46.216853300730385,101.84515953063965,37.03977767626444,0,2021-06-21,85.51166666666667,1006.235,990.0,67.46333333333334,12.3875,25.1
2021-06-22,7.293230473995209,63.55296482642494,264.1229344407717,572.9565413246552,37.03977767626444,101.84515953063965,19.219956676165264,0,2021-06-22,87.47833333333334,1005.89,989.1,81.49,9.846333333333334,22.7
2021-06-23,4.0334193110466,30.5466064612071,252.31012709935501,569.0990350792805,19.219956676165264,101.84515953063965,7.293230473995209,0,2021-06-23,89.28,1005.6811666666666,989.1,84.235,10.971,19.0
2021-06-24,13.072165032227835,24.398814817269674,228.72056200106934,534.8812370250622,13.072165032227835,101.84515953063965,4.0334193110466,0,2021-06-24,90.93666666666667,1006.1813333333334,989.7,98.78833333333333,13.314833333333333,27.5
2021-06-25,13.676524043083191,30.782108386357656,140.55192651351288,451.45865269005293,13.676524043083191,46.216853300730385,13.072165032227835,0,2021-06-25,91.86833333333334,1004.8225,988.4,97.00333333333333,11.113333333333333,23.6
2021-06-26,44.020994663238525,70.76968373854959,138.35606787602103,455.96776043872035,44.020994663238525,44.020994663238525,13.676524043083191,0,2021-06-26,81.64,1005.2111666666666,988.3,72.33666666666667,11.602833333333333,24.6
2021-06-27,2.6825097563366094,60.38002846265835,103.99879995609318,391.9732202403247,44.020994663238525,44.020994663238525,44.020994663238525,0,2021-06-27,87.955,1006.5459999999999,989.9,94.76833333333333,5.997833333333333,21.5
2021-06-28,25.733482440312702,72.43698685988787,110.51232572024061,382.7632978074252,44.020994663238525,44.020994663238525,2.6825097563366094,0,2021-06-28,90.60833333333333,1005.489,988.5,92.06666666666666,5.466333333333334,14.6
2021-06-29,5.662651019791762,34.0786432164411,108.88174626603717,377.34610630944366,25.733482440312702,44.020994663238525,25.733482440312702,0,2021-06-29,86.63833333333334,1004.9815,988.0,64.28166666666667,10.043666666666667,19.1
2021-06-30,1.97410632421573,33.370239784320226,106.8224332792063,374.97878703102464,25.733482440312702,44.020994663238525,5.662651019791762,0,2021-06-30,87.99,1004.8931666666667,987.8,78.855,11.224499999999999,21.9
2021-07-01,4.607730746269226,12.244488090276747,98.35799899324769,363.7402911248306,5.662651019791762,44.020994663238525,1.97410632421573,0,2021-07-01,80.76833333333333,1003.3388333333334,987.1,81.66833333333334,15.894833333333333,31.3
2021-07-02,1.5965790667881568,8.17841613727314,86.27805401695265,328.67514006110525,4.607730746269226,44.020994663238525,4.607730746269226,0,2021-07-02,82.41666666666667,1004.2486666666666,987.3,43.876666666666665,16.606333333333332,29.8
2021-07-03,1.340956802169482,7.545266615226893,43.59801615588361,228.1709373326351,4.607730746269226,25.733482440312702,1.5965790667881568,0,2021-07-03,85.24,1005.0745,988.7,42.745,12.889666666666667,24.2
2021-07-04,0.6311265205343565,3.5686623894920237,41.546632920081365,182.58521055243907,1.5965790667881568,25.733482440312702,1.340956802169482,0,2021-07-04,87.02666666666667,1005.624,988.9,70.3,8.181333333333333,16.8
2021-07-05,0.33952680105964345,2.3116101237635105,16.1526772808283,145.8849596772343,1.340956802169482,5.662651019791762,0.6311265205343565,0,2021-07-05,86.57,1005.2613333333334,988.3,58.54,6.602166666666667,16.7
2021-07-06,0.1782196785012881,1.1488730000953165,10.668245939537824,126.84322267957029,0.6311265205343565,4.607730746269226,0.33952680105964345,0,2021-07-06,85.31333333333333,1004.0003333333333,987.0,75.63666666666667,5.855666666666667,17.0
2021-07-07,4.253132005532582,4.770878485093542,12.947271620854679,123.80312421110766,4.253132005532582,4.607730746269226,0.1782196785012881,0,2021-07-07,83.74833333333333,1004.3023333333334,987.1,77.415,8.653833333333333,19.4
2021-07-08,11.056677962342897,15.488029646376795,19.396218836928348,130.82638286240396,11.056677962342897,11.056677962342897,4.253132005532582,0,2021-07-08,88.90833333333333,1003.6455000000001,986.2,86.68666666666667,9.212833333333332,19.0
2021-07-09,32.78653732935587,48.09634729723138,50.58617709949607,150.540755159532,32.78653732935587,32.78653732935587,11.056677962342897,0,2021-07-09,87.43,1002.0806666666667,984.9,95.12333333333333,7.9558333333333335,20.2
2021-07-10,14.226876566807428,58.070091858506224,63.472096864134,151.09110768325624,32.78653732935587,32.78653732935587,32.78653732935587,0,2021-07-10,92.45,1000.9383333333334,984.1,98.21833333333333,7.706666666666667,23.4
2021-07-11,12.160909871260325,59.17432376742366,75.00188021485998,119.23102289127803,32.78653732935587,32.78653732935587,14.226876566807428,0,2021-07-11,89.09166666666667,999.3583333333333,981.9,98.95666666666666,8.240166666666667,25.6
2021-07-12,6.522332140554984,32.910118578622765,81.18468555435531,123.07084527549641,14.226876566807428,32.78653732935587,12.160909871260325,1,2021-07-12,90.44833333333334,998.0581666666667,980.6,94.955,21.415,49.8
2021-07-13,74.05870294570923,92.74194495752457,155.06516882156325,171.39606578089294,74.05870294570923,74.05870294570923,6.522332140554984,0,2021-07-13,91.29166666666667,1000.3918333333332,983.3,96.50666666666666,16.377833333333335,36.1
2021-07-14,55.95435492197672,136.53539000824097,206.7663917380074,221.6877696830779,74.05870294570923,74.05870294570923,74.05870294570923,0,2021-07-14,91.45,1000.4775,983.8,97.185,15.255166666666668,36.9
2021-07-15,26.681770543257397,156.69482841094336,222.3914843189219,246.39543390211958,74.05870294570923,74.05870294570923,55.95435492197672,0,2021-07-15,89.00833333333334,999.7330000000001,982.9,80.51166666666667,13.562833333333334,35.2
2021-07-16,35.61624449491501,118.25236996014915,225.22119148448104,277.40394765076536,55.95435492197672,74.05870294570923,26.681770543257397,0,2021-07-16,90.50666666666666,1002.7578333333332,985.4,84.33,17.725333333333335,40.6
2021-07-17,29.13804578781128,91.4360608259837,240.13236070548487,304.9454143717885,35.61624449491501,74.05870294570923,35.61624449491501,1,2021-07-17,89.71166666666667,1003.9580000000001,987.4,94.46166666666667,13.608833333333333,38.2
2021-07-18,123.08062553405762,187.8349158167839,351.0520763682822,426.6850831036766,123.08062553405762,123.08062553405762,29.13804578781128,1,2021-07-18,90.63666666666667,1002.878,985.9,96.89833333333333,16.500333333333334,33.9
2021-07-19,152.81298446655273,305.03165578842163,497.3427286942799,578.866941049695,152.81298446655273,152.81298446655273,123.08062553405762,1,2021-07-19,91.96166666666667,1003.0015000000001,986.2,99.205,17.119,32.7
2021-07-20,142.07342688242593,417.96703688303626,565.3574526309967,720.6008411310612,152.81298446655273,152.81298446655273,152.81298446655273,0,2021-07-20,90.84666666666666,1004.8718333333333,988.0,99.72666666666667,19.543,36.2
2021-07-21,54.058953841527305,348.945365190506,563.4620515505472,774.4815752940873,152.81298446655273,152.81298446655273,142.07342688242593,1,2021-07-21,88.875,1002.7015,985.3,98.92,26.367166666666666,51.0
2021-07-22,184.01336097717285,380.1457417011261,720.7936419844627,954.2418042657275,184.01336097717285,184.01336097717285,54.058953841527305,0,2021-07-22,89.48833333333333,1000.6338333333334,983.1,99.96333333333334,21.8575,44.7
2021-07-23,51.96323537826538,290.0355501969656,737.1406328678131,995.14836168165,184.01336097717285,184.01336097717285,184.01336097717285,0,2021-07-23,90.72,1001.0181666666667,984.1,99.885,19.105333333333334,38.5
2021-07-24,45.1723268032074,281.14892315864563,753.1749138832092,1007.5341511555016,184.01336097717285,184.01336097717285,51.96323537826538,0,2021-07-24,89.175,1002.4328333333333,985.7,94.25833333333334,16.662833333333335,32.6
2021-07-25,19.244500279426575,116.38006246089935,649.3387886285782,1012.5517748681208,51.96323537826538,184.01336097717285,45.1723268032074,0,2021-07-25,90.805,1003.2221666666668,986.8,99.69,18.899166666666666,36.8
2021-07-26,20.53546977043152,84.95229685306549,517.0612739324569,1020.9263347672919,45.1723268032074,184.01336097717285,19.244500279426575,0,2021-07-26,88.02666666666667,1003.3975,986.9,92.71333333333334,22.060833333333335,38.2
2021-07-27,17.805086930592854,57.58505698045094,392.79293398062384,1032.20908955733,20.53546977043152,184.01336097717285,20.53546977043152,0,2021-07-27,85.745,1002.9159999999999,986.6,95.31166666666667,22.235,42.4
2021-07-28,21.16257870197296,59.50313540299733,359.89655884106946,979.3129653135936,21.16257870197296,184.01336097717285,17.805086930592854,0,2021-07-28,84.595,1003.5436666666666,986.8,92.50833333333334,22.923166666666667,41.0
2021-07-29,21.716185410817463,60.68385104338328,197.59938327471406,945.0747958024342,21.716185410817463,51.96323537826538,21.16257870197296,0,2021-07-29,86.18666666666667,1004.6496666666667,987.8,97.13666666666667,23.306833333333334,40.7
2021-07-30,15.64547860622406,58.52424271901448,161.28162650267274,934.0385038654009,21.716185410817463,45.1723268032074,21.716185410817463,0,2021-07-30,83.525,1005.4576666666667,988.9,91.24833333333333,23.059166666666666,41.3
2021-07-31,5.5530542234579725,42.91471824049949,121.66235392292332,903.975313593944,21.716185410817463,21.716185410817463,15.64547860622406,0,2021-07-31,81.98333333333333,1006.2288333333335,989.3,88.66333333333333,25.099,41.3
2021-08-01,7.58875298500061,28.787285814682644,110.00660662849735,882.4260207911333,15.64547860622406,21.716185410817463,5.5530542234579725,0,2021-08-01,82.315,1004.8156666666667,988.1,76.86666666666666,23.843500000000002,40.4
2021-08-02,10.551258643468222,23.693065851926804,100.02239550153405,769.8966539005438,10.551258643468222,21.716185410817463,7.58875298500061,0,2021-08-02,86.25166666666667,1005.565,988.5,96.3,20.403,35.8
2021-08-03,13.086997946103414,31.227009574572243,95.30430651704462,630.1706673800945,13.086997946103414,21.716185410817463,10.551258643468222,0,2021-08-03,89.88,1006.39,989.7,97.26166666666667,19.426000000000002,35.6
2021-08-04,24.66332983970642,48.30158642927805,98.80505765477808,512.760570337375,24.66332983970642,24.66332983970642,13.086997946103414,0,2021-08-04,88.29,1006.0831666666667,989.4,86.425,20.622,35.7
2021-08-05,10.803113639354706,48.553441425164536,87.89198588331533,469.5047301352024,24.66332983970642,24.66332983970642,24.66332983970642,0,2021-08-05,86.94333333333333,1004.1980000000001,987.7,91.70333333333333,18.091166666666666,35.7
2021-08-06,4.6320654302835464,40.09850890934467,76.87857270737481,290.1234345883131,24.66332983970642,24.66332983970642,10.803113639354706,0,2021-08-06,86.16333333333333,1003.8336666666665,987.5,63.97,16.0175,30.2
2021-08-07,2.7988153249025345,18.233994394540787,74.12433380881937,240.95901453495026,10.803113639354706,24.66332983970642,4.6320654302835464,0,2021-08-07,88.51166666666667,1004.9218333333333,987.9,59.36333333333334,12.084333333333333,23.5
2021-08-08,3.2687026858329773,10.699583441019058,69.80428350965174,199.05539041757584,4.6320654302835464,24.66332983970642,2.7988153249025345,0,2021-08-08,88.665,1005.9705000000001,988.9,72.82333333333334,9.844166666666666,17.3
2021-08-09,5.188818280895551,11.256336291631062,64.44184314707907,184.99970841904482,5.188818280895551,24.66332983970642,3.2687026858329773,0,2021-08-09,87.44333333333333,1007.0235,990.2,79.665,10.5555,24.2
2021-08-10,1.87284113590916,10.330362102637688,53.22768633688481,166.33707978452244,5.188818280895551,24.66332983970642,5.188818280895551,0,2021-08-10,88.385,1006.9053333333333,989.9,97.74166666666666,11.988999999999999,24.3
2021-08-11,4.61511858801047,11.67677800481518,33.17947508518886,153.14711144194007,5.188818280895551,10.803113639354706,1.87284113590916,0,2021-08-11,87.655,1006.8936666666666,990.1,69.115,11.440166666666668,22.9
2021-08-12,8.566930055618286,15.054889779537916,30.94329150145244,140.5514627955854,8.566930055618286,8.566930055618286,4.61511858801047,0,2021-08-12,86.65166666666667,1007.5994999999999,990.8,83.49166666666666,12.089833333333333,24.6
2021-08-13,14.456196308135986,27.63824495176474,40.767422379304875,133.29147369290393,14.456196308135986,14.456196308135986,8.566930055618286,0,2021-08-13,86.55166666666666,1006.1316666666667,988.8,77.0,12.8175,26.5
2021-08-14,8.859059512615204,31.882185876369476,46.827666567017545,126.50505459929506,14.456196308135986,14.456196308135986,14.456196308135986,0,2021-08-14,89.99166666666666,1004.9071666666667,988.3,88.68333333333334,13.4555,25.3
2021-08-15,30.242830753326416,53.558086574077606,73.80179463451098,151.1948311291635,30.242830753326416,30.242830753326416,8.859059512615204,0,2021-08-15,90.06166666666667,1005.255,988.6,78.7,10.5565,20.5
2021-08-16,23.266292969385784,62.36818323532741,91.87926932300122,166.8723711135487,30.242830753326416,30.242830753326416,30.242830753326416,0,2021-08-16,88.34,1006.2869999999999,989.7,91.87333333333333,8.108166666666666,15.4
2021-08-17,8.000495998809734,61.509619721521936,98.0069241859018,164.3216084688902,30.242830753326416,30.242830753326416,23.266292969385784,0,2021-08-17,91.695,1005.999,988.7,99.97333333333333,6.414666666666667,14.4
2021-08-18,8.506481471161047,39.773270439356565,101.89828706905237,159.74109199394783,23.266292969385784,30.242830753326416,8.000495998809734,0,2021-08-18,93.20166666666667,1004.5066666666667,987.8,99.99833333333333,8.114666666666666,18.7
2021-08-19,31.901724020640057,48.40870149061084,125.23308103407415,166.97948617488146,31.901724020640057,31.901724020640057,8.506481471161047,0,2021-08-19,93.075,1004.5225,987.8,99.86166666666666,10.053333333333333,25.5
2021-08-20,24.98064096768697,65.38884645948808,135.75752569362513,181.1570135032137,31.901724020640057,31.901724020640057,31.901724020640057,0,2021-08-20,88.735,1005.1051666666666,988.3,98.88666666666667,10.209333333333333,22.0
2021-08-21,39.13162064552307,96.0139856338501,166.030086826533,215.65656871845323,39.13162064552307,39.13162064552307,24.98064096768697,0,2021-08-21,92.77666666666667,1006.1323333333333,989.3,98.74833333333333,12.307333333333332,28.6
2021-08-22,23.13101049264272,87.24327210585277,158.9182665658493,235.98876388619342,39.13162064552307,39.13162064552307,39.13162064552307,0,2021-08-22,89.86666666666666,1006.4119999999999,989.1,59.405,9.130166666666668,17.2
2021-08-23,0.40786241739988327,62.67049355556567,136.0598360138634,233.12792361776036,39.13162064552307,39.13162064552307,23.13101049264272,0,2021-08-23,87.7,1006.2823333333333,989.1,50.52166666666667,9.363,18.6
2021-08-24,0.9662267590562502,24.505099669098854,129.0255667741099,228.90533209592104,23.13101049264272,39.13162064552307,0.40786241739988327,0,2021-08-24,88.53166666666667,1006.2186666666665,989.4,67.65833333333333,8.4985,16.3
2021-08-25,1.238310883442561,2.6124000598986945,121.75739618639143,228.27080184345442,1.238310883442561,39.13162064552307,0.9662267590562502,0,2021-08-25,87.94,1005.025,987.9,77.92,9.764,20.4
2021-08-26,1.3018247690051794,3.5063624115039906,91.15749693475655,224.95750802444914,1.3018247690051794,39.13162064552307,1.238310883442561,0,2021-08-26,88.69833333333334,1003.6580000000001,987.1,87.355,11.384833333333333,21.0
2021-08-27,2.7423536206285157,5.282489273076257,68.91920958769809,219.1329315894594,2.7423536206285157,39.13162064552307,1.3018247690051794,0,2021-08-27,88.26833333333333,1003.3198333333333,986.8,69.975,8.708666666666666,15.3
2021-08-28,0.9409239316980044,4.985102321331699,30.72851287387303,205.6176592130214,2.7423536206285157,23.13101049264272,2.7423536206285157,0,2021-08-28,87.16166666666666,1002.1976666666666,985.2,72.11,7.8821666666666665,18.2
2021-08-29,0.1702724794546763,3.8535500317811966,7.767774860684985,196.92887217986086,2.7423536206285157,2.7423536206285157,0.9409239316980044,0,2021-08-29,85.87333333333333,1002.4448333333333,985.3,80.69333333333333,6.850333333333333,15.0
2021-08-30,0.9808935138086478,2.0920899249613285,8.34080595709375,167.6669349403431,0.9808935138086478,2.7423536206285157,0.1702724794546763,0,2021-08-30,89.15666666666667,1003.7058333333333,986.8,99.495,8.484833333333333,24.1
2021-08-31,33.94216799736023,35.093333990623556,41.31674719539773,178.34280996831757,33.94216799736023,33.94216799736023,0.9808935138086478,1,2021-08-31,91.155,1003.6505000000001,986.8,98.86833333333334,10.631666666666666,24.1
2021-09-01,100.52124277750652,135.4443042886754,140.5996790894617,270.8635567470143,100.52124277750652,100.52124277750652,33.94216799736023,0,2021-09-01,90.61166666666666,1004.0533333333333,987.0,96.885,16.184333333333335,31.2
2021-09-02,18.751306136449177,153.21471691131595,158.0491604569057,281.10838141230244,100.52124277750652,100.52124277750652,100.52124277750652,0,2021-09-02,89.24833333333333,1004.0996666666667,986.7,80.93833333333333,17.399833333333333,31.6
2021-09-03,7.052636722723643,126.32518563667934,162.35944355900082,256.259294114386,100.52124277750652,100.52124277750652,18.751306136449177,0,2021-09-03,90.745,1003.8813333333334,986.4,74.78666666666666,13.179333333333334,24.3
2021-09-04,24.901891350746155,50.705834209918976,186.32041097804895,256.1805444974452,24.901891350746155,100.52124277750652,7.052636722723643,0,2021-09-04,90.995,1004.3575,987.2,88.74166666666666,10.548,20.9
2021-09-05,27.133647123972576,59.088175197442375,213.28378562256685,244.18257097589472,27.133647123972576,100.52124277750652,24.901891350746155,0,2021-09-05,90.89833333333333,1004.5540000000001,987.4,95.32166666666667,9.150333333333332,21.3
2021-09-06,12.503666679064432,64.53920515378317,224.80655878782267,233.55522716231644,27.133647123972576,100.52124277750652,27.133647123972576,0,2021-09-06,89.385,1003.2965,986.1,96.04833333333333,9.436833333333334,27.0
2021-09-07,16.083442787329357,55.72075659036637,206.94783357779178,249.2308075322459,27.133647123972576,100.52124277750652,12.503666679064432,0,2021-09-07,92.37166666666667,1001.2653333333333,983.7,99.99,5.629499999999999,33.9
2021-09-08,34.83729306856791,63.4244025349617,141.26388386885316,283.1018738417576,34.83729306856791,34.83729306856791,16.083442787329357,0,2021-09-08,89.54,1001.7953333333332,984.5,98.75666666666666,24.58366666666667,47.9
2021-09-09,32.51619219779968,83.43692805369696,155.02876993020368,314.3797551561147,34.83729306856791,34.83729306856791,34.83729306856791,0,2021-09-09,89.38666666666667,1005.2686666666666,988.3,97.77333333333333,21.886833333333335,38.6
2021-09-10,19.61443575223287,86.96792101860046,167.5905689597129,332.69236613934237,34.83729306856791,34.83729306856791,32.51619219779968,0,2021-09-10,89.27166666666666,1004.3541666666666,987.2,80.60833333333333,20.043,34.8
2021-09-11,27.057774702707928,79.18840265274048,169.74645231167466,357.00778722142184,32.51619219779968,34.83729306856791,19.61443575223287,0,2021-09-11,91.60333333333334,1002.2731666666667,985.2,88.42,20.269166666666667,33.9
2021-09-12,51.81189219156901,98.4841026465098,194.4246973792711,407.8787554812928,51.81189219156901,51.81189219156901,27.057774702707928,0,2021-09-12,90.33,1000.7868333333333,983.8,89.87166666666667,16.495333333333335,31.0
2021-09-13,55.679745515187584,134.54941240946454,237.60077621539426,463.3882285170257,55.679745515187584,55.679745515187584,51.81189219156901,0,2021-09-13,89.70333333333333,1000.5294999999999,983.5,96.95666666666666,20.5885,38.9
2021-09-14,49.89147583643595,157.38311354319254,271.40880926450086,512.298810839653,55.679745515187584,55.679745515187584,55.679745515187584,0,2021-09-14,85.91666666666667,1001.648,984.8,91.52833333333334,19.416666666666668,36.6
2021-09-15,8.350573937098185,113.92179528872173,244.9220901330311,486.707216779391,55.679745515187584,55.679745515187584,49.89147583643595,0,2021-09-15,87.34166666666667,1003.1181666666668,986.3,82.46166666666667,19.147833333333335,36.3
2021-09-16,5.873029671609402,64.11507944514354,218.27892760684082,392.05900367349386,49.89147583643595,55.679745515187584,8.350573937098185,0,2021-09-16,85.55166666666666,1004.1023333333334,987.6,64.71666666666667,16.878333333333334,31.6
2021-09-17,2.3050153106451035,16.528618919352688,200.96950716525308,375.6127128476898,8.350573937098185,55.679745515187584,5.873029671609402,0,2021-09-17,85.065,1004.7391666666666,987.6,62.20333333333333,14.219166666666666,26.8
2021-09-18,1.2551612841586273,9.433206266413132,175.16689374670378,369.8152374091248,5.873029671609402,55.679745515187584,2.3050153106451035,0,2021-09-18,89.49666666666667,1006.5596666666668,989.5,70.68,13.122333333333332,23.9
2021-09-19,4.423225611448288,7.983402206252019,127.77822716658305,349.3365716698269,4.423225611448288,55.679745515187584,1.2551612841586273,0,2021-09-19,90.71333333333334,1008.0415,991.4,74.295,10.5505,24.0
2021-09-20,34.99798107147217,40.67636796707908,107.09646272286764,357.2009056173265,34.99798107147217,49.89147583643595,4.423225611448288,0,2021-09-20,90.25666666666666,1007.0455000000001,989.8,83.335,9.263,19.7
2021-09-21,24.132556835810345,63.553763518730804,81.33754372224203,368.8297957740724,34.99798107147217,34.99798107147217,34.99798107147217,0,2021-09-21,91.69,1005.9813333333334,988.8,95.74666666666667,10.763666666666666,23.8
2021-09-22,61.40719509124756,120.53773299853007,134.39416487639141,414.1535480779906,61.40719509124756,61.40719509124756,24.132556835810345,0,2021-09-22,92.28,1004.3894999999999,987.5,93.95833333333333,8.645666666666665,23.4
2021-09-23,32.72210764884949,118.2618595759074,161.2432428536315,412.03836265827215,61.40719509124756,61.40719509124756,61.40719509124756,0,2021-09-23,90.63,1004.9591666666666,987.7,81.86833333333334,8.007833333333332,18.5
2021-09-24,4.038394416371982,98.16769715646903,162.97662195935837,383.56056487684447,61.40719509124756,61.40719509124756,32.72210764884949,0,2021-09-24,86.83833333333334,1005.8544999999999,988.5,59.51166666666666,8.585833333333333,17.9
2021-09-25,1.9977647724250953,38.758266837646566,163.71922544762484,365.94389389703673,32.72210764884949,61.40719509124756,4.038394416371982,0,2021-09-25,86.01666666666667,1005.6728333333333,988.5,55.928333333333335,7.9014999999999995,16.8
2021-09-26,1.8039505345125992,7.840109723309676,161.09995037068916,340.69006972884137,4.038394416371982,61.40719509124756,1.9977647724250953,0,2021-09-26,86.32166666666667,1003.8238333333334,986.8,70.52,6.1931666666666665,16.7
2021-09-27,4.133111911515395,7.93482721845309,130.23508121073237,293.0112894487878,4.133111911515395,61.40719509124756,1.8039505345125992,0,2021-09-27,90.72333333333333,1002.6708333333333,985.7,98.88666666666667,4.988333333333333,14.3
2021-09-28,6.691589818025629,12.628652264053624,112.79411419294766,244.02313375162583,6.691589818025629,61.40719509124756,4.133111911515395,1,2021-09-28,91.35333333333334,1002.1485,985.0,99.72666666666667,13.641666666666667,34.2
2021-09-29,80.1958475112915,91.02054924083254,131.5827666129916,274.32750542648137,80.1958475112915,80.1958475112915,6.691589818025629,0,2021-09-29,89.78166666666667,1003.6111666666666,986.0,99.745,20.646,35.7
2021-09-30,28.633525490760803,115.52096282007794,127.49418445490292,294.610456980144,80.1958475112915,80.1958475112915,80.1958475112915,0,2021-09-30,89.28166666666667,1006.7261666666666,989.5,70.67,14.647999999999998,34.0
2022-06-01,0.0,0.0,0.0,0.5006159053494533,0.0,0.0,0.0,0,2022-06-01,66.01666666666667,1004.6401666666666,986.4,52.4,12.974333333333334,25.2
2022-06-02,0.0,0.0,0.0,0.5006159053494533,0.0,0.0,0.0,0,2022-06-02,69.65,1004.6705000000001,987.7,71.865,11.926499999999999,24.9
2022-06-03,0.0,0.0,0.0,0.5006159053494533,0.0,0.0,0.0,0,2022-06-03,70.07,1004.4528333333333,987.2,34.14833333333333,12.796000000000001,23.8
2022-06-04,0.0,0.0,0.0,0.5006159053494533,0.0,0.0,0.0,0,2022-06-04,70.95166666666667,1003.8653333333333,986.6,47.53,11.737833333333333,24.2
2022-06-05,0.0,0.0,0.0,0.5006159053494533,0.0,0.0,0.0,0,2022-06-05,70.3,1003.9286666666666,987.1,34.845,10.427666666666667,23.8
2022-06-06,0.0,0.0,0.0,0.4721312721570333,0.0,0.0,0.0,0,2022-06-06,67.87666666666667,1004.4445,987.9,68.04833333333333,9.923333333333334,22.5
2022-06-07,0.0,0.0,0.0,0.41559985280036926,0.0,0.0,0.0,0,2022-06-07,72.99,1004.7291666666666,987.9,54.7,12.309833333333332,28.0
2022-06-08,0.0,0.0,0.0,0.17631508906682333,0.0,0.0,0.0,0,2022-06-08,76.22666666666667,1003.9476666666666,986.7,41.41,11.731166666666667,21.0
2022-06-09,0.06296967466672261,0.06296967466673682,0.06296967466663735,0.06296967466672261,0.06296967466672261,0.06296967466672261,0.0,0,2022-06-09,77.62,1003.0663333333334,985.8,71.605,11.0015,20.5
2022-06-10,9.033382661640644,9.096352336307381,9.096352336307282,9.096352336307367,9.033382661640644,9.033382661640644,0.06296967466672261,0,2022-06-10,80.55333333333333,1003.2441666666666,986.1,91.26,12.346166666666667,25.5
2022-06-11,16.847768306732178,25.94412064303956,25.94412064303946,25.944120643039547,16.847768306732178,16.847768306732178,9.033382661640644,0,2022-06-11,83.865,1003.8555000000001,987.2,96.96333333333334,15.559166666666666,29.8
2022-06-12,11.647275080283483,37.52842604865632,37.59139572332295,37.59139572332303,16.847768306732178,16.847768306732178,16.847768306732178,0,2022-06-12,84.22666666666667,1003.9871666666668,986.8,84.305,16.5455,34.0
2022-06-13,1.8570772061745326,30.35212059319021,39.44847292949748,39.44847292949756,16.847768306732178,16.847768306732178,11.647275080283483,0,2022-06-13,80.95,1005.0051666666666,988.1,61.593333333333334,18.343,34.8
2022-06-14,0.1993924230337143,13.703744709491747,39.64786535253119,39.64786535253128,11.647275080283483,16.847768306732178,1.8570772061745326,0,2022-06-14,76.81833333333333,1004.9358333333333,988.3,34.358333333333334,17.650333333333336,31.0
2022-06-15,0.12921467423439026,2.185684303442655,39.77708002676558,39.77708002676567,1.8570772061745326,16.847768306732178,0.1993924230337143,0,2022-06-15,80.14833333333333,1004.4801666666666,988.0,58.38166666666667,14.181000000000001,26.8
2022-06-16,5.687839288264513,6.016446385532635,45.40194964036337,45.46491931503018,5.687839288264513,16.847768306732178,0.12921467423439026,0,2022-06-16,79.82166666666667,1004.0848333333333,987.7,78.83833333333334,14.349333333333334,25.4
2022-06-17,11.534006973107656,17.351060935606576,47.902573951830384,56.99892628813784,11.534006973107656,16.847768306732178,5.687839288264513,0,2022-06-17,80.39166666666667,1003.3938333333334,986.5,94.205,14.246166666666667,25.2
2022-06-18,3.9264616034924984,21.148307864864684,34.981267248590704,60.925387891630336,11.534006973107656,11.647275080283483,11.534006973107656,0,2022-06-18,78.50333333333333,1003.8578333333332,987.1,94.01166666666667,16.796333333333333,30.1
2022-06-19,8.303674737612406,23.76414331421258,31.637666905919623,69.22906262924275,11.534006973107656,11.534006973107656,3.9264616034924984,0,2022-06-19,85.35333333333334,1004.0425,987.4,94.215,17.058,30.4
2022-06-20,22.263993586103123,34.49412992720804,52.04458328584822,91.49305621534586,22.263993586103123,22.263993586103123,8.303674737612406,0,2022-06-20,91.38333333333334,1002.9903333333333,985.9,99.98,12.6335,26.8
2022-06-21,33.6210311849912,64.18869950870675,85.4662220478057,125.11408740033707,33.6210311849912,33.6210311849912,22.263993586103123,0,2022-06-21,88.25,1000.9673333333334,984.4,99.4,16.272333333333332,30.6
2022-06-22,14.234041690826416,70.11906646192077,99.57104906439773,139.34812909116349,33.6210311849912,33.6210311849912,33.6210311849912,0,2022-06-22,87.615,1002.7965,985.4,98.54333333333334,11.252666666666668,29.4
2022-06-23,26.484767735004425,74.33984061082207,120.36797751113764,165.8328968261679,33.6210311849912,33.6210311849912,14.234041690826416,0,2022-06-23,87.42166666666667,1003.3531666666667,986.1,92.12833333333333,8.495,22.5
2022-06-24,17.676291406154633,58.395100831985495,126.5102619441846,183.4462185576558,26.484767735004425,33.6210311849912,26.484767735004425,0,2022-06-24,86.94166666666666,1000.9506666666667,983.7,96.06833333333333,14.5325,37.5
2022-06-25,10.98333536585172,55.1443945070108,133.56713570654384,185.3961712618669,26.484767735004425,33.6210311849912,17.676291406154633,0,2022-06-25,85.68833333333333,998.3386666666665,981.4,85.16333333333333,15.987000000000002,40.8
2022-06-26,2.762631841003895,31.42225861301027,128.02609280993534,171.3110347961386,17.676291406154633,33.6210311849912,10.98333536585172,0,2022-06-26,88.29333333333334,999.7061666666666,982.3,97.245,19.796333333333333,41.1
2022-06-27,2.6735053906838098,16.419472597539446,108.43560461451602,162.33726510653895,10.98333536585172,33.6210311849912,2.762631841003895,0,2022-06-27,88.635,1002.139,984.8,96.69666666666667,17.227166666666665,31.7
2022-06-28,11.919708530108133,17.35584576179586,86.73428195963294,172.39989643047252,11.919708530108133,26.484767735004425,2.6735053906838098,0,2022-06-28,87.36,1002.9266666666666,986.5,98.83833333333334,15.444833333333333,29.2
2022-06-29,20.64417513211568,35.237389052907645,93.14441540092221,192.8446791395545,20.64417513211568,26.484767735004425,11.919708530108133,0,2022-06-29,87.84333333333333,1001.7551666666666,985.2,99.93333333333334,14.380333333333335,27.4
2022-06-30,30.56106460094452,63.124948263168356,97.22071226686231,223.27652906626463,30.56106460094452,30.56106460094452,20.64417513211568,1,2022-06-30,89.84,1002.0006666666667,985.2,99.99833333333333,13.646666666666667,28.3
2022-07-01,70.7436916033427,121.94893133640292,150.28811246405036,288.3323813813428,70.7436916033427,70.7436916033427,30.56106460094452,1,2022-07-01,91.745,1002.3528333333333,985.5,99.89666666666666,14.594833333333332,30.8
2022-07-02,66.39437246322632,167.69912866751355,205.69914956142497,343.1927468714615,70.7436916033427,70.7436916033427,70.7436916033427,0,2022-07-02,89.73166666666667,1000.879,984.2,99.00666666666666,14.693833333333332,30.3
2022-07-03,21.68398956457774,158.82205363114676,224.6205072849988,360.9502748325467,70.7436916033427,70.7436916033427,66.39437246322632,0,2022-07-03,88.53333333333333,1001.0865,984.4,96.47166666666666,16.240499999999997,33.4
2022-07-04,26.456982294718426,114.53534432252252,248.40398418903342,379.10358238965273,66.39437246322632,70.7436916033427,21.68398956457774,1,2022-07-04,90.07,1000.4918333333333,984.0,99.97166666666666,16.205166666666667,37.7
2022-07-05,121.96927388509114,170.11024574438733,358.4535495440164,478.8088626886407,121.96927388509114,121.96927388509114,26.456982294718426,1,2022-07-05,91.27833333333334,999.3969999999999,982.6,100.0,16.2375,35.7
2022-07-06,123.54597695668538,271.972233136495,461.3553513685861,568.7338084603349,123.54597695668538,123.54597695668538,121.96927388509114,1,2022-07-06,90.68333333333334,1001.565,984.1,99.98833333333333,16.988666666666667,35.3
2022-07-07,118.35956700642903,363.87481784820557,549.1538537740706,672.8593337759376,123.54597695668538,123.54597695668538,123.54597695668538,1,2022-07-07,89.34333333333333,1003.9466666666667,987.4,100.0,17.446666666666665,39.5
2022-07-08,106.1152114868164,348.02075544993085,584.5253736575444,752.4897775277495,123.54597695668538,123.54597695668538,118.35956700642903,0,2022-07-08,87.93166666666667,1002.7778333333332,985.6,100.0,18.887833333333333,44.8
2022-07-09,29.804847637812298,254.27962613105777,547.9358488321303,764.6183337594072,118.35956700642903,123.54597695668538,106.1152114868164,0,2022-07-09,91.40833333333333,1002.0366666666666,985.5,99.96666666666667,14.824666666666666,44.6
2022-07-10,36.99055997530619,172.91061909993493,563.2424192428588,790.6255583688617,106.1152114868164,123.54597695668538,29.804847637812298,0,2022-07-10,91.28,1003.2871666666667,986.3,100.0,14.489833333333333,38.8
2022-07-11,45.310911099116005,112.10631871223453,582.0963480472564,833.1738376269738,45.310911099116005,123.54597695668538,36.99055997530619,1,2022-07-11,92.01333333333334,1004.3646666666667,987.8,100.0,17.391666666666666,38.2
2022-07-12,111.12292989095052,193.42440096537274,571.2500040531157,941.6232621272404,111.12292989095052,123.54597695668538,45.310911099116005,1,2022-07-12,91.7,1003.5419999999999,985.9,100.0,16.74983333333333,40.9
2022-07-13,86.74746338526408,243.18130437533063,534.4514904816945,1016.4510169823965,111.12292989095052,118.35956700642903,111.12292989095052,1,2022-07-13,90.885,999.8653333333333,982.3,100.0,22.698333333333334,49.3
2022-07-14,139.73356183369955,337.6039551099142,555.825485308965,1135.5404036839802,139.73356183369955,139.73356183369955,86.74746338526408,1,2022-07-14,90.35,997.404,980.7,100.0,26.727166666666665,51.9
2022-07-15,134.57506942749023,361.05609464645386,584.2853432496388,1239.554408510526,139.73356183369955,139.73356183369955,139.73356183369955,0,2022-07-15,86.725,998.4358333333333,981.2,99.99833333333333,27.009666666666664,48.1
2022-07-16,45.59172852834066,319.90035978953046,600.0722241401672,1214.402445435524,139.73356183369955,139.73356183369955,134.57506942749023,0,2022-07-16,87.295,999.9955000000001,982.9,93.76833333333333,23.69516666666667,48.7
2022-07-17,44.78516427675883,224.95196223258975,607.8668284416198,1192.7932372490563,134.57506942749023,139.73356183369955,45.59172852834066,0,2022-07-17,85.65666666666667,1002.8578333333332,986.0,91.97,17.071,34.1
2022-07-18,13.938550273577372,104.31544307867689,576.4944676160811,1185.0477979580562,45.59172852834066,139.73356183369955,44.78516427675883,0,2022-07-18,91.095,1003.6113333333334,987.1,99.99833333333333,14.277333333333333,31.7
2022-07-19,35.616325537363686,94.34004008769992,500.98786326249433,1194.2071412007015,44.78516427675883,139.73356183369955,13.938550273577372,0,2022-07-19,89.855,1004.4306666666668,987.8,93.46833333333333,13.0375,27.7
2022-07-20,24.051856478055317,73.6067322889964,438.2922563552856,1096.2897237936656,35.616325537363686,139.73356183369955,35.616325537363686,0,2022-07-20,86.95666666666666,1005.1736666666666,988.4,87.28666666666666,12.7185,25.3
2022-07-21,28.090030908584595,87.75821292400363,326.64872543017066,1000.8337777455648,35.616325537363686,134.57506942749023,24.051856478055317,0,2022-07-21,85.425,1005.5878333333333,988.9,99.66,11.848333333333333,24.3
2022-07-22,13.771872520446777,65.91375990708671,205.84552852312717,896.2460832595825,28.090030908584595,45.59172852834066,28.090030908584595,0,2022-07-22,83.65833333333333,1005.5430000000001,988.7,99.74166666666666,11.892166666666666,25.8
2022-07-23,9.218039194742838,51.079942623774244,169.47183918952933,799.3489109675089,28.090030908584595,44.78516427675883,13.771872520446777,0,2022-07-23,89.12333333333333,1003.9495,987.3,99.85,13.279,30.5
2022-07-24,36.17948571840922,59.16939743359886,160.86616063117975,805.7235490481058,36.17948571840922,36.17948571840922,9.218039194742838,0,2022-07-24,89.765,1003.5693333333332,987.0,100.0,14.122000000000002,29.1
2022-07-25,30.19434593121211,75.5918708443642,177.1219562888145,798.9273350040118,36.17948571840922,36.17948571840922,36.17948571840922,0,2022-07-25,86.44333333333333,1005.3290000000001,988.1,98.6,12.789833333333332,27.3
2022-07-26,15.897204399108887,82.27103604873024,157.40283515055967,769.5136283040047,36.17948571840922,36.17948571840922,30.19434593121211,0,2022-07-26,87.155,1006.5481666666667,989.6,99.45833333333333,9.242166666666668,21.9
2022-07-27,12.185219089190165,58.2767694195112,145.53619776169452,670.5759175022444,30.19434593121211,36.17948571840922,15.897204399108887,0,2022-07-27,87.745,1006.66,989.9,99.36166666666666,5.518000000000001,14.7
2022-07-28,4.891839298109214,32.9742627864083,122.33800615121916,588.7202934150894,15.897204399108887,36.17948571840922,12.185219089190165,0,2022-07-28,86.48333333333333,1007.2113333333334,990.0,89.28333333333333,7.712,20.4
2022-07-29,0.09765346348285675,17.17471185078227,108.66378709425524,449.08438504487276,12.185219089190165,36.17948571840922,4.891839298109214,0,2022-07-29,85.88833333333334,1006.5101666666666,989.2,98.96166666666667,8.584666666666667,23.1
2022-07-30,0.2416877361635367,5.231180497755643,99.68743563567593,314.7510033535461,4.891839298109214,36.17948571840922,0.09765346348285675,0,2022-07-30,83.30833333333334,1005.4419999999999,988.3,96.74333333333334,8.528166666666666,19.9
2022-07-31,1.374936930835247,1.714278130481676,64.88288684810196,270.5342117560407,1.374936930835247,30.19434593121211,0.2416877361635367,0,2022-07-31,84.06333333333333,1004.1721666666667,987.3,56.18666666666667,9.539666666666667,20.4
2022-08-01,1.494508979221185,3.1111336462200043,36.18304989611103,227.243556458503,1.494508979221185,15.897204399108887,1.374936930835247,0,2022-08-01,83.31166666666667,1004.4368333333333,987.2,98.30833333333334,9.869166666666667,22.2
2022-08-02,4.949218486746152,7.818664396802619,25.235063983748297,218.25422467167178,4.949218486746152,12.185219089190165,1.494508979221185,0,2022-08-02,83.28,1003.2001666666666,985.7,99.91333333333333,8.031166666666666,21.5
2022-08-03,7.507096027334531,13.950823493301904,20.556940921892664,190.14499516164264,7.507096027334531,7.507096027334531,4.949218486746152,0,2022-08-03,84.6,1002.4211666666666,985.4,97.425,7.092,17.9
2022-08-04,6.957817633946736,19.414132148027456,22.62291925773019,173.05095631753406,7.507096027334531,7.507096027334531,7.507096027334531,0,2022-08-04,87.255,1001.1898333333334,984.0,99.97833333333334,6.212666666666666,16.9
2022-08-05,8.508452067772547,22.97336572905385,31.033717862019877,153.469377476722,8.508452067772547,8.508452067772547,6.957817633946736,0,2022-08-05,91.34166666666667,999.6648333333334,982.9,100.0,8.5325,18.9
2022-08-06,19.948154469331104,35.41442417105043,50.74018459518744,159.64565942560634,19.948154469331104,19.948154469331104,8.508452067772547,0,2022-08-06,89.25833333333334,998.7284999999999,981.8,97.56,10.499166666666667,25.0
2022-08-07,15.450095295906067,43.90670183300975,64.81534296025826,165.87771552676958,19.948154469331104,19.948154469331104,19.948154469331104,0,2022-08-07,90.18333333333334,998.1613333333335,981.5,99.955,9.618500000000001,25.8
2022-08-08,52.757785161336265,88.15603492657348,116.07861914237336,182.45601496969658,52.757785161336265,52.757785161336265,15.450095295906067,1,2022-08-08,89.91333333333333,996.4141666666667,979.7,100.0,16.023666666666667,55.2
2022-08-09,73.59000396728516,141.79788442452752,184.71940462291235,225.85167300576967,73.59000396728516,73.59000396728516,52.757785161336265,0,2022-08-09,89.43833333333333,996.3966666666666,979.8,99.97166666666666,28.657,55.5
2022-08-10,61.136542002360024,187.4843311309815,238.34885059793785,271.09101060902077,73.59000396728516,73.59000396728516,73.59000396728516,0,2022-08-10,88.13833333333334,995.7601666666666,979.4,99.99666666666667,29.904666666666664,53.3
2022-08-11,59.414796908696495,194.14134287834173,290.80582987268764,318.3205884285271,73.59000396728516,73.59000396728516,61.136542002360024,0,2022-08-11,85.97333333333333,997.9784999999999,980.6,98.85833333333333,31.346500000000002,61.4
2022-08-12,45.49558504422506,166.0469239552816,327.7929628491401,358.924334174643,61.136542002360024,73.59000396728516,59.414796908696495,0,2022-08-12,84.76833333333333,1001.4566666666667,983.7,81.75666666666666,29.285999999999998,56.0
2022-08-13,36.68520180384318,141.59558375676477,344.5300101836522,395.5118825150033,59.414796908696495,73.59000396728516,45.49558504422506,0,2022-08-13,83.82,1002.9193333333333,986.1,83.605,23.884,41.0
2022-08-14,18.74367626508077,100.92446311314905,347.8235911528269,414.0138710439205,45.49558504422506,73.59000396728516,36.68520180384318,0,2022-08-14,82.50833333333334,1004.5263333333334,988.3,94.93333333333334,22.993166666666667,40.9
2022-08-15,15.142123738924662,70.57100180784865,310.2079297304153,427.78105785200995,36.68520180384318,73.59000396728516,18.74367626508077,0,2022-08-15,89.38333333333334,1004.4163333333335,987.7,100.0,19.8065,39.6
2022-08-16,31.139464457829792,65.02526446183526,267.7573902209599,457.42601333061856,31.139464457829792,61.136542002360024,15.142123738924662,1,2022-08-16,89.27666666666667,1003.935,987.4,99.34666666666666,24.753,46.7
2022-08-17,67.0854655901591,113.3670537869136,273.70631380875903,519.5622604340315,67.0854655901591,67.0854655901591,31.139464457829792,0,2022-08-17,86.53166666666667,1005.1111666666666,988.7,94.215,22.345666666666666,42.0
2022-08-18,21.1283864180247,119.35331646601364,235.41990331808722,533.1835508247216,67.0854655901591,67.0854655901591,67.0854655901591,0,2022-08-18,83.81,1005.5108333333334,989.2,86.92833333333333,19.725833333333334,36.7
2022-08-19,12.38623591264089,100.60008792082473,202.31055418650305,538.6119691034158,67.0854655901591,67.0854655901591,21.1283864180247,0,2022-08-19,86.38,1005.9594999999999,989.6,90.70833333333333,16.531833333333335,33.5
2022-08-20,14.459805428981781,47.97442775964741,180.08515781164166,544.563322464625,21.1283864180247,67.0854655901591,12.38623591264089,0,2022-08-20,86.15833333333333,1005.4196666666668,988.6,88.11166666666666,15.439666666666666,31.0
2022-08-21,12.373379389444986,39.2194207310677,173.71486093600586,536.9885473847389,14.459805428981781,67.0854655901591,14.459805428981781,0,2022-08-21,84.815,1004.3205,987.4,93.14833333333333,16.2465,33.7
2022-08-22,7.759225030740102,34.59240984916691,166.33196222782132,529.297677119573,14.459805428981781,67.0854655901591,12.373379389444986,0,2022-08-22,86.96166666666667,1003.2533333333333,986.6,100.0,18.348333333333333,37.4
2022-08-23,12.078614234924316,32.21121865510945,147.27111200491584,488.618506193161,12.373379389444986,67.0854655901591,7.759225030740102,0,2022-08-23,86.255,1004.0125,986.6,97.185,19.084,35.1
2022-08-24,23.143662810325623,42.98150207599008,103.32930922508235,438.1721650362015,23.143662810325623,23.143662810325623,12.078614234924316,0,2022-08-24,86.34833333333333,1006.2398333333334,989.6,95.615,15.180666666666665,31.7
2022-08-25,10.372272968292236,45.59455001354222,92.57319577534989,387.4078960021337,23.143662810325623,23.143662810325623,23.143662810325623,0,2022-08-25,86.62,1005.8344999999999,989.5,77.90833333333333,10.459166666666667,20.4
2022-08-26,8.324322740236918,41.84025851885482,88.51128260294593,336.3174218336741,23.143662810325623,23.143662810325623,10.372272968292236,0,2022-08-26,84.92333333333333,1006.0681666666667,989.3,57.656666666666666,8.634833333333333,17.7
2022-08-27,2.953862148026625,21.65045785655582,77.00533932199076,293.7756989374757,10.372272968292236,23.143662810325623,8.324322740236918,0,2022-08-27,83.85833333333333,1006.3236666666666,989.0,87.25166666666667,8.3835,19.0
2022-08-28,0.9079189971089363,12.186103885372521,65.5398789296547,257.9984161307414,8.324322740236918,23.143662810325623,2.953862148026625,0,2022-08-28,85.14166666666667,1005.8068333333333,988.4,93.15833333333333,7.734833333333333,21.1
2022-08-29,2.6658325692017875,6.527613714337392,60.4464864681164,241.92057243486246,2.953862148026625,23.143662810325623,0.9079189971089363,0,2022-08-29,85.47333333333333,1007.0873333333334,989.7,96.56166666666667,7.628666666666667,21.4
2022-08-30,0.025461293756961823,3.5992128600677282,48.39333352694904,226.80390998969477,2.6658325692017875,23.143662810325623,2.6658325692017875,0,2022-08-30,85.14666666666666,1006.7616666666667,989.8,91.205,9.393833333333333,24.3
2022-08-31,0.19102787474791208,2.882321737706704,25.440698591371333,195.85547340661287,2.6658325692017875,10.372272968292236,0.025461293756961823,0,2022-08-31,88.01666666666667,1005.3386666666665,987.5,85.005,7.370500000000001,24.7
2022-09-01,21.263436446587246,21.479925615092164,36.33186206966634,150.03344426304102,21.263436446587246,21.263436446587246,0.19102787474791208,0,2022-09-01,88.08,1005.1408333333334,987.5,97.16333333333333,5.615833333333334,18.7
2022-09-02,3.2851246843735376,24.73958900570874,31.292664013802966,132.19018252938986,21.263436446587246,21.263436446587246,21.263436446587246,0,2022-09-02,86.47333333333333,1005.7568333333332,988.8,39.21666666666667,6.876833333333334,19.4
2022-09-03,7.127377857764562,31.675938988725388,35.466179723540904,126.93132447451353,21.263436446587246,21.263436446587246,3.2851246843735376,0,2022-09-03,86.08666666666667,1005.9236666666666,988.7,63.49666666666667,8.521666666666667,18.1
2022-09-04,10.466410795847574,20.878913337985715,45.02467152227954,122.93792984137933,10.466410795847574,21.263436446587246,7.127377857764562,0,2022-09-04,88.45166666666667,1006.107,989.3,99.565,7.4875,19.4
2022-09-05,11.156807680924734,28.75059633453691,53.51564663400248,121.72135813285907,11.156807680924734,21.263436446587246,10.466410795847574,0,2022-09-05,83.20333333333333,1006.0428333333333,989.0,74.48166666666667,7.986166666666667,20.6
2022-09-06,7.347611932083964,28.970830408856315,60.83779727232948,121.30974503420293,11.156807680924734,21.263436446587246,11.156807680924734,0,2022-09-06,85.19,1005.4781666666667,988.3,68.91333333333333,6.268000000000001,18.1
2022-09-07,2.706162544588248,21.210582157596992,63.352931942169825,111.93729334386687,11.156807680924734,21.263436446587246,7.347611932083964,1,2022-09-07,88.21333333333334,1005.1896666666668,987.7,87.11,7.521333333333334,23.4
2022-09-08,75.58131980895996,85.63509428563222,117.67081530454254,164.37495034250122,75.58131980895996,75.58131980895996,2.706162544588248,0,2022-09-08,90.46333333333334,1003.4906666666667,986.2,98.135,6.3566666666666665,22.4
2022-09-09,55.58785136540731,133.87533371895557,169.9735419855763,209.59052873961627,75.58131980895996,75.58131980895996,75.58131980895996,0,2022-09-09,87.97333333333333,1002.8546666666667,985.5,97.28,6.401666666666666,23.7
2022-09-10,30.142777919769287,161.31194909413662,192.98894204758102,231.40898391914865,75.58131980895996,75.58131980895996,55.58785136540731,0,2022-09-10,89.015,1002.7011666666666,985.1,86.62833333333333,5.558833333333333,16.6
2022-09-11,14.718168417612711,100.44879770278935,197.24069966934618,243.17329018873474,55.58785136540731,75.58131980895996,30.142777919769287,0,2022-09-11,88.9,1000.161,982.9,99.89666666666666,5.697833333333333,22.9
2022-09-12,21.580792625745136,66.44173896312718,207.66468461416656,263.84616381737095,30.142777919769287,75.58131980895996,14.718168417612711,0,2022-09-12,89.22333333333333,999.5623333333334,982.4,99.53166666666667,9.071166666666667,27.2
2022-09-13,33.90241233507792,70.20137337843582,234.21948501716054,295.08274358324707,33.90241233507792,75.58131980895996,21.580792625745136,0,2022-09-13,90.34333333333333,1002.0353333333333,985.0,99.995,16.9985,38.7
2022-09-14,37.39452362060547,92.87772858142857,268.90784609317774,332.4518059100956,37.39452362060547,75.58131980895996,33.90241233507792,0,2022-09-14,89.05166666666666,1004.8744999999999,987.8,97.235,21.601499999999998,40.7
2022-09-15,49.41839281717936,120.71532877286279,242.74491910139716,381.679170852527,49.41839281717936,55.58785136540731,37.39452362060547,1,2022-09-15,89.00666666666666,1005.6101666666666,988.5,99.97333333333333,23.77116666666667,43.4
2022-09-16,78.96113936106364,165.7740557988485,266.11820709705347,439.3768737670034,78.96113936106364,78.96113936106364,49.41839281717936,1,2022-09-16,91.68666666666667,1004.7081666666667,987.9,99.405,15.640166666666667,37.2
2022-09-17,85.08525848388672,213.46479066212976,321.0606876611709,521.1770075665166,85.08525848388672,85.08525848388672,78.96113936106364,0,2022-09-17,89.84833333333333,1005.6548333333334,988.5,92.21,13.458166666666665,29.3
2022-09-18,48.4268585840861,212.47325642903652,354.7693778276443,562.4764882928381,85.08525848388672,85.08525848388672,85.08525848388672,0,2022-09-18,91.49166666666666,1007.3403333333332,990.4,98.45666666666666,8.570833333333333,27.3
2022-09-19,22.860157012939453,156.37227408091232,356.0487422148386,574.87023450993,85.08525848388672,85.08525848388672,48.4268585840861,0,2022-09-19,85.57833333333333,1007.5318333333333,990.8,89.13166666666666,8.262166666666667,22.4
2022-09-20,8.318221966425577,79.60523756345117,330.4645518461863,572.0316487954308,48.4268585840861,85.08525848388672,22.860157012939453,0,2022-09-20,88.40333333333334,1007.3106666666667,989.9,95.11333333333333,6.131833333333333,18.4
2022-09-21,11.186527162790298,42.36490614215537,304.2565553883711,575.8705640261371,22.860157012939453,85.08525848388672,8.318221966425577,0,2022-09-21,88.26666666666667,1007.2493333333333,989.8,92.24166666666666,6.8075,18.1
2022-09-22,2.7902311931053796,22.294980322321297,257.62839376429713,575.9546326746544,11.186527162790298,85.08525848388672,11.186527162790298,0,2022-09-22,89.74166666666666,1007.7893333333333,991.0,98.97,8.295,20.5
2022-09-23,6.089611232280731,20.06636958817645,184.7568656355142,506.4629240979751,11.186527162790298,85.08525848388672,2.7902311931053796,0,2022-09-23,83.85666666666667,1007.4788333333335,990.5,89.96333333333334,12.093,23.4
2022-09-24,5.042227685451508,13.92207011083766,104.71383483707899,455.91730041801924,6.089611232280731,48.4268585840861,6.089611232280731,0,2022-09-24,87.24166666666666,1006.7515000000001,989.7,74.52333333333333,10.418333333333333,24.7
2022-09-25,3.134248490134875,14.266087407867156,59.421224743127766,428.90877098838484,6.089611232280731,22.860157012939453,5.042227685451508,0,2022-09-25,86.03666666666666,1007.1411666666665,989.7,65.99333333333334,6.971666666666667,15.5
2022-09-26,2.85418568054835,11.030661856134774,39.41525341073666,417.04478825132054,5.042227685451508,11.186527162790298,3.134248490134875,0,2022-09-26,86.21,1008.4376666666666,991.0,62.85,6.626833333333333,18.2
2022-09-27,2.7243373741706214,8.712771544853888,33.82136881848171,398.18833299974597,3.134248490134875,11.186527162790298,2.85418568054835,0,2022-09-27,86.13,1007.0044999999999,989.9,66.66,6.040666666666667,16.1
2022-09-28,1.389290815840165,6.967813870559179,24.024132471531573,365.67521148050827,2.85418568054835,6.089611232280731,2.7243373741706214,0,2022-09-28,87.01333333333334,1006.1438333333334,989.1,67.05166666666666,6.780166666666666,20.2
2022-09-29,2.3631988440950713,6.4768270341059,23.597100122521265,330.64388670399785,2.7243373741706214,6.089611232280731,1.389290815840165,0,2022-09-29,88.54666666666667,1006.2255000000001,989.0,49.218333333333334,6.314666666666667,20.3
2022-09-30,2.117525052279234,5.8700147122145125,19.625013942519768,283.3430189390977,2.3631988440950713,5.042227685451508,2.3631988440950713,0,2022-09-30,88.37666666666667,1006.6871666666667,989.7,67.25166666666667,6.929666666666667,21.5
